timestamp,equipment_name,temperature,pressure,vibration,power_consumption,production_rate,status
2026-01-01 00:00:00,Packing Plant,869.87,11.79,2.82,180.46,116.49,Maintenance
2026-01-01 01:00:00,Raw Mill,840.63,14.37,,140.61,128.14,Maintenance
2026-01-01 02:00:00,Cement Mill,831.46,11.3,2.62,111.73,94.13,Maintenance
2026-01-01 03:00:00,Crusher,827.51,10.48,2.66,131.84,98.82,Maintenance
2026-01-01 04:00:00,Crusher,908.63,11.66,2.53,121.51,111.83,Maintenance
2026-01-01 05:00:00,Raw Mill,854.44,10.27,2.69,137.99,115.62,Maintenance
2026-01-01 06:00:00,Raw Mill,825.93,14.78,2.49,128.85,132.34,Running
2026-01-01 07:00:00,Kiln,801.17,12.31,1.52,123.44,122.95,Idle
2026-01-01 08:00:00,Crusher,879.54,12.26,2.44,143.98,97.82,Idle
2026-01-01 09:00:00,Raw Mill,821.21,11.31,3.03,156.87,93.55,Idle
2026-01-01 10:00:00,Cement Mill,862.96,11.42,2.16,162.23,135.46,Idle
2026-01-01 11:00:00,Cement Mill,887.25,10.74,2.35,156.63,134.63,Idle
2026-01-01 12:00:00,Raw Mill,830.83,11.72,1.95,126.08,132.19,Running
2026-01-01 13:00:00,Kiln,904.25,11.89,3.0,157.23,110.32,Maintenance
2026-01-01 14:00:00,Cement Mill,864.46,14.31,2.48,181.29,80.7,Idle
2026-01-01 15:00:00,Crusher,882.88,12.13,2.35,151.84,90.19,Idle
2026-01-01 16:00:00,Raw Mill,,12.54,3.24,139.63,107.87,Maintenance
2026-01-01 17:00:00,Packing Plant,829.93,13.37,2.66,139.4,127.7,Maintenance
2026-01-01 18:00:00,Kiln,853.88,13.45,2.15,143.45,114.12,Running
2026-01-01 19:00:00,Kiln,791.46,12.44,2.63,150.1,116.48,Running
2026-01-01 20:00:00,Cement Mill,793.39,11.37,2.33,133.95,117.58,Maintenance
2026-01-01 21:00:00,Kiln,866.16,14.83,2.59,155.15,118.88,Idle
2026-01-01 22:00:00,Kiln,773.25,11.96,2.53,199.26,117.11,Maintenance
2026-01-01 23:00:00,Kiln,862.06,,1.92,172.86,131.28,Idle
2026-01-02 00:00:00,Kiln,881.64,10.64,3.2,121.96,128.8,Maintenance
2026-01-02 01:00:00,Kiln,937.62,10.51,2.22,151.99,112.45,Idle
2026-01-02 02:00:00,Cement Mill,787.97,12.1,1.97,159.47,106.21,Maintenance
2026-01-02 03:00:00,Packing Plant,912.0,10.83,2.34,166.27,101.54,Running
2026-01-02 04:00:00,Packing Plant,859.1,13.96,1.7,153.69,123.9,Running
2026-01-02 05:00:00,Cement Mill,881.27,10.14,1.84,160.44,124.45,Running
2026-01-02 06:00:00,Kiln,860.02,12.52,2.16,154.65,124.4,Idle
2026-01-02 07:00:00,Packing Plant,821.43,14.8,2.74,126.17,129.85,Maintenance
2026-01-02 08:00:00,Packing Plant,811.01,13.18,3.08,133.59,134.45,Running
2026-01-02 09:00:00,Crusher,866.51,13.23,3.45,145.09,108.69,Maintenance
2026-01-02 10:00:00,Crusher,814.42,10.78,2.46,156.82,124.15,Maintenance
2026-01-02 11:00:00,Kiln,883.09,12.02,3.23,144.71,160.8,Idle
2026-01-02 12:00:00,Raw Mill,875.03,10.71,1.96,159.65,116.65,Maintenance
2026-01-02 13:00:00,Kiln,878.56,12.71,2.46,133.06,97.28,Running
2026-01-02 14:00:00,Crusher,832.14,13.28,2.61,125.09,122.6,Running
2026-01-02 15:00:00,Kiln,,10.67,2.58,151.16,102.86,Maintenance
2026-01-02 16:00:00,Crusher,864.31,12.84,3.04,171.08,99.33,Maintenance
2026-01-02 17:00:00,Crusher,812.49,12.77,2.76,160.3,177.79,Running
2026-01-02 18:00:00,Crusher,872.84,13.7,2.98,163.03,115.27,Maintenance
2026-01-02 19:00:00,Cement Mill,880.36,10.84,2.38,140.29,121.23,Maintenance
2026-01-02 20:00:00,Packing Plant,942.59,9.2,2.84,117.75,112.92,Maintenance
2026-01-02 21:00:00,Raw Mill,893.56,12.1,1.96,135.69,130.19,Maintenance
2026-01-02 22:00:00,Kiln,820.79,12.32,2.52,136.97,152.16,Idle
2026-01-02 23:00:00,Packing Plant,875.36,8.96,2.59,136.76,132.79,Idle
2026-01-03 00:00:00,Kiln,818.3,11.83,2.75,167.32,102.0,Idle
2026-01-03 01:00:00,Packing Plant,,11.29,2.17,185.31,126.07,Maintenance
2026-01-03 02:00:00,Kiln,799.56,13.38,3.56,170.65,97.21,Running
2026-01-03 03:00:00,Crusher,830.63,13.9,2.15,158.88,131.62,Running
2026-01-03 04:00:00,Raw Mill,812.92,11.91,0.88,129.51,116.21,Running
2026-01-03 05:00:00,Cement Mill,800.09,14.45,1.78,141.2,121.96,Maintenance
2026-01-03 06:00:00,Cement Mill,907.65,9.85,3.08,150.2,105.28,Maintenance
2026-01-03 07:00:00,Raw Mill,868.48,12.3,2.2,151.4,114.22,Maintenance
2026-01-03 08:00:00,Raw Mill,854.54,12.99,3.29,125.24,152.0,Maintenance
2026-01-03 09:00:00,Cement Mill,771.92,11.77,2.79,155.62,110.66,Idle
2026-01-03 10:00:00,Kiln,841.68,11.26,2.21,166.99,125.36,Idle
2026-01-03 11:00:00,Crusher,822.28,13.35,2.65,166.26,129.44,Idle
2026-01-03 12:00:00,Cement Mill,816.84,11.16,2.87,162.21,119.69,Idle
2026-01-03 13:00:00,Raw Mill,854.69,13.92,2.2,160.94,116.97,Maintenance
2026-01-03 14:00:00,Crusher,841.29,13.65,2.91,166.27,139.58,Maintenance
2026-01-03 15:00:00,Crusher,850.84,13.02,2.34,156.48,118.05,Running
2026-01-03 16:00:00,Raw Mill,853.88,12.89,,191.85,104.91,Running
2026-01-03 17:00:00,Raw Mill,801.43,13.74,2.9,162.48,129.43,Running
2026-01-03 18:00:00,Raw Mill,849.51,10.65,2.54,136.46,134.63,Idle
2026-01-03 19:00:00,Crusher,844.12,10.76,2.34,158.26,111.54,Idle
2026-01-03 20:00:00,Raw Mill,817.11,12.37,2.62,139.86,112.93,Idle
2026-01-03 21:00:00,Crusher,859.28,9.83,1.8,135.63,116.8,Idle
2026-01-03 22:00:00,Cement Mill,862.44,14.21,2.93,146.8,119.71,Idle
2026-01-03 23:00:00,Kiln,809.9,11.97,2.36,156.45,107.59,Maintenance
2026-01-04 00:00:00,Cement Mill,870.77,14.3,2.45,158.03,130.35,Idle
2026-01-04 01:00:00,Packing Plant,833.95,12.34,2.51,151.95,108.4,Idle
2026-01-04 02:00:00,Crusher,850.98,12.75,3.23,169.19,152.3,Idle
2026-01-04 03:00:00,Raw Mill,819.31,13.31,2.59,193.8,107.88,Maintenance
2026-01-04 04:00:00,Raw Mill,816.41,11.1,1.44,139.48,108.61,Running
2026-01-04 05:00:00,Packing Plant,856.02,12.51,3.44,169.01,111.35,Maintenance
2026-01-04 06:00:00,Crusher,814.06,12.74,,186.63,137.69,Maintenance
2026-01-04 07:00:00,Packing Plant,831.23,9.43,3.18,147.71,138.57,Maintenance
2026-01-04 08:00:00,Crusher,786.22,11.1,2.5,150.94,113.25,Idle
2026-01-04 09:00:00,Packing Plant,874.91,10.4,2.43,152.41,127.72,Running
2026-01-04 10:00:00,Kiln,878.46,10.31,1.73,175.55,124.98,Maintenance
2026-01-04 11:00:00,Kiln,820.06,14.33,2.56,173.59,121.01,Idle
2026-01-04 12:00:00,Cement Mill,932.43,14.63,2.38,169.43,129.68,Idle
2026-01-04 13:00:00,Raw Mill,904.75,10.55,2.84,171.17,93.62,Idle
2026-01-04 14:00:00,Packing Plant,,8.94,2.37,164.35,142.54,Idle
2026-01-04 15:00:00,Crusher,852.96,14.44,1.81,115.93,119.17,Idle
2026-01-04 16:00:00,Raw Mill,865.36,11.95,1.47,148.22,100.43,Running
2026-01-04 17:00:00,Kiln,876.79,12.55,2.03,139.72,104.11,Maintenance
2026-01-04 18:00:00,Crusher,847.49,13.43,2.01,160.08,112.05,Running
2026-01-04 19:00:00,Packing Plant,818.29,11.84,1.98,138.93,102.03,Maintenance
2026-01-04 20:00:00,Raw Mill,928.59,12.05,2.15,154.28,118.32,Idle
2026-01-04 21:00:00,Raw Mill,841.16,12.92,2.88,139.39,111.36,Idle
2026-01-04 22:00:00,Crusher,839.0,8.55,1.74,177.34,144.67,Idle
2026-01-04 23:00:00,Raw Mill,840.04,12.86,2.66,211.58,136.79,Maintenance
2026-01-05 00:00:00,Packing Plant,844.88,10.57,1.7,154.07,108.65,Idle
2026-01-05 01:00:00,Packing Plant,793.11,11.03,1.96,183.74,133.22,Idle
2026-01-05 02:00:00,Cement Mill,849.68,14.22,2.54,132.77,142.85,Running
2026-01-05 03:00:00,Raw Mill,871.56,10.44,2.4,132.49,99.26,Maintenance
2026-01-05 04:00:00,Crusher,887.05,14.86,1.8,161.26,110.24,Maintenance
2026-01-05 05:00:00,Crusher,830.51,11.11,2.07,150.97,107.54,Idle
2026-01-05 06:00:00,Raw Mill,860.82,11.92,2.38,131.85,111.35,Idle
2026-01-05 07:00:00,Crusher,880.22,12.75,2.01,151.99,131.27,Idle
2026-01-05 08:00:00,Cement Mill,783.22,12.82,2.17,161.41,108.55,Maintenance
2026-01-05 09:00:00,Cement Mill,777.8,9.56,2.52,155.19,106.44,Idle
2026-01-05 10:00:00,Kiln,875.54,9.51,2.47,125.78,110.22,Running
2026-01-05 11:00:00,Raw Mill,851.9,10.71,2.31,170.13,111.35,Idle
2026-01-05 12:00:00,Packing Plant,883.43,10.31,2.76,178.83,82.93,Running
2026-01-05 13:00:00,Crusher,818.12,12.87,2.4,157.42,110.94,Running
2026-01-05 14:00:00,Cement Mill,853.46,11.77,3.08,155.09,125.06,Maintenance
2026-01-05 15:00:00,Raw Mill,833.52,11.27,2.28,157.89,113.69,Maintenance
2026-01-05 16:00:00,Packing Plant,861.59,15.11,2.94,143.48,138.02,Idle
2026-01-05 17:00:00,Packing Plant,833.68,8.94,2.0,112.58,114.73,Running
2026-01-05 18:00:00,Packing Plant,850.74,14.51,2.66,145.62,132.44,Idle
2026-01-05 19:00:00,Crusher,761.55,12.35,2.89,120.43,137.16,Idle
2026-01-05 20:00:00,Raw Mill,863.54,11.38,2.82,195.41,122.73,Idle
2026-01-05 21:00:00,Cement Mill,859.93,11.31,2.08,166.61,107.16,Running
2026-01-05 22:00:00,Raw Mill,852.86,,2.74,156.67,135.56,Running
2026-01-05 23:00:00,Crusher,829.6,11.6,2.01,141.11,125.66,Maintenance
2026-01-06 00:00:00,Cement Mill,880.28,10.62,2.93,177.11,126.2,Maintenance
2026-01-06 01:00:00,Raw Mill,925.07,10.84,1.88,114.43,142.44,Maintenance
2026-01-06 02:00:00,Kiln,876.17,11.92,2.64,127.49,156.69,Running
2026-01-06 03:00:00,Raw Mill,,12.16,2.86,159.62,123.36,Running
2026-01-06 04:00:00,Packing Plant,818.38,12.71,3.44,176.91,143.9,Running
2026-01-06 05:00:00,Packing Plant,829.55,10.52,2.44,151.11,136.41,Idle
2026-01-06 06:00:00,Raw Mill,782.3,14.29,2.42,141.46,104.82,Idle
2026-01-06 07:00:00,Crusher,783.81,13.23,2.54,124.2,100.57,Maintenance
2026-01-06 08:00:00,Crusher,836.57,14.5,2.37,119.94,116.31,Running
2026-01-06 09:00:00,Crusher,839.09,7.95,2.47,145.38,130.44,Running
2026-01-06 10:00:00,Packing Plant,923.96,13.69,2.37,127.87,158.6,Running
2026-01-06 11:00:00,Crusher,852.37,12.02,2.49,153.96,117.83,Idle
2026-01-06 12:00:00,Packing Plant,827.05,11.18,2.48,139.13,109.31,Running
2026-01-06 13:00:00,Kiln,854.26,11.62,3.25,96.98,136.37,Maintenance
2026-01-06 14:00:00,Crusher,,8.89,2.33,142.57,98.89,Maintenance
2026-01-06 15:00:00,Kiln,818.89,10.33,3.38,168.71,139.07,Idle
2026-01-06 16:00:00,Raw Mill,878.87,10.31,2.24,159.79,101.67,Running
2026-01-06 17:00:00,Kiln,878.52,11.64,2.31,164.22,126.66,Maintenance
2026-01-06 18:00:00,Raw Mill,835.56,13.74,1.96,162.32,128.9,Idle
2026-01-06 19:00:00,Raw Mill,837.62,,1.87,168.48,117.23,Running
2026-01-06 20:00:00,Cement Mill,829.09,13.57,2.15,121.83,96.65,Idle
2026-01-06 21:00:00,Crusher,874.24,10.08,3.38,108.36,145.45,Maintenance
2026-01-06 22:00:00,Packing Plant,858.44,11.85,2.23,157.98,119.44,Idle
2026-01-06 23:00:00,Raw Mill,894.13,12.17,2.58,142.73,119.15,Idle
2026-01-07 00:00:00,Raw Mill,862.31,9.43,1.83,164.87,122.56,Maintenance
2026-01-07 01:00:00,Crusher,842.64,12.03,2.67,139.2,108.33,Maintenance
2026-01-07 02:00:00,Kiln,857.83,10.53,2.7,115.95,135.44,Idle
2026-01-07 03:00:00,Cement Mill,868.9,12.38,2.99,183.31,135.22,Running
2026-01-07 04:00:00,Packing Plant,776.37,10.08,2.19,150.52,127.76,Idle
2026-01-07 05:00:00,Cement Mill,820.97,12.28,2.12,137.77,98.9,Maintenance
2026-01-07 06:00:00,Kiln,813.07,9.97,2.01,171.07,105.76,Maintenance
2026-01-07 07:00:00,Packing Plant,955.3,12.74,,132.83,130.5,Maintenance
2026-01-07 08:00:00,Cement Mill,826.97,12.18,3.78,148.08,137.24,Running
2026-01-07 09:00:00,Crusher,821.87,11.95,3.39,137.46,147.19,Running
2026-01-07 10:00:00,Kiln,878.31,11.16,2.82,169.45,129.33,Running
2026-01-07 11:00:00,Packing Plant,787.19,10.91,2.38,148.51,129.31,Running
2026-01-07 12:00:00,Cement Mill,857.11,10.0,2.69,162.21,128.4,Running
2026-01-07 13:00:00,Cement Mill,893.23,13.25,2.73,148.6,95.09,Maintenance
2026-01-07 14:00:00,Cement Mill,867.18,12.31,2.64,124.47,103.78,Idle
2026-01-07 15:00:00,Packing Plant,892.13,11.94,2.84,150.57,120.45,Idle
2026-01-07 16:00:00,Kiln,887.53,11.23,2.55,140.75,113.48,Maintenance
2026-01-07 17:00:00,Cement Mill,837.63,12.33,2.26,175.12,106.58,Idle
2026-01-07 18:00:00,Packing Plant,842.53,11.34,3.22,153.93,135.48,Maintenance
2026-01-07 19:00:00,Crusher,790.58,12.4,2.94,151.65,135.98,Running
2026-01-07 20:00:00,Crusher,829.31,14.11,3.65,142.74,113.32,Idle
2026-01-07 21:00:00,Kiln,908.14,14.37,2.24,141.6,115.77,Maintenance
2026-01-07 22:00:00,Cement Mill,796.22,10.62,2.0,134.64,119.48,Running
2026-01-07 23:00:00,Kiln,859.37,14.33,2.0,169.69,116.79,Running
2026-01-08 00:00:00,Cement Mill,848.02,13.01,1.94,157.65,122.5,Maintenance
2026-01-08 01:00:00,Raw Mill,869.7,12.43,3.73,137.25,112.04,Maintenance
2026-01-08 02:00:00,Kiln,825.07,11.17,2.18,173.78,141.31,Running
2026-01-08 03:00:00,Raw Mill,827.17,10.75,2.74,138.96,129.49,Running
2026-01-08 04:00:00,Packing Plant,858.12,9.73,3.27,185.92,110.81,Running
2026-01-08 05:00:00,Raw Mill,834.49,12.43,2.67,163.17,150.15,Running
2026-01-08 06:00:00,Packing Plant,842.92,10.8,1.81,135.38,119.5,Running
2026-01-08 07:00:00,Cement Mill,921.78,11.22,2.61,149.67,137.83,Maintenance
2026-01-08 08:00:00,Raw Mill,951.08,11.2,2.26,170.88,130.23,Maintenance
2026-01-08 09:00:00,Raw Mill,923.87,12.88,2.32,161.81,136.63,Idle
2026-01-08 10:00:00,Packing Plant,882.82,12.76,3.03,173.39,140.73,Idle
2026-01-08 11:00:00,Cement Mill,875.95,11.75,2.57,174.13,107.75,Running
2026-01-08 12:00:00,Kiln,864.75,11.41,2.51,175.57,122.87,Idle
2026-01-08 13:00:00,Packing Plant,851.86,9.96,2.87,162.91,152.45,Idle
2026-01-08 14:00:00,Cement Mill,837.69,12.33,2.62,181.55,118.57,Idle
2026-01-08 15:00:00,Cement Mill,861.16,12.91,2.59,141.07,122.91,Running
2026-01-08 16:00:00,Packing Plant,892.95,10.46,2.57,136.0,137.93,Maintenance
2026-01-08 17:00:00,Kiln,789.07,11.16,2.69,181.31,119.01,Idle
2026-01-08 18:00:00,Cement Mill,827.79,14.82,1.78,106.02,126.6,Maintenance
2026-01-08 19:00:00,Raw Mill,829.92,10.47,2.85,154.88,111.54,Idle
2026-01-08 20:00:00,Raw Mill,798.79,13.31,2.83,148.02,147.7,Maintenance
2026-01-08 21:00:00,Crusher,807.2,9.71,2.15,149.09,123.65,Idle
2026-01-08 22:00:00,Kiln,840.35,12.53,1.87,178.88,118.77,Running
2026-01-08 23:00:00,Cement Mill,894.69,12.51,2.73,161.4,126.72,Running
2026-01-09 00:00:00,Crusher,875.71,,2.6,164.18,118.65,Maintenance
2026-01-09 01:00:00,Kiln,907.6,10.99,3.4,149.2,98.54,Running
2026-01-09 02:00:00,Crusher,855.12,10.98,2.92,136.95,113.31,Idle
2026-01-09 03:00:00,Cement Mill,774.42,11.32,1.29,118.32,131.41,Running
2026-01-09 04:00:00,Crusher,881.43,12.64,2.02,149.05,119.95,Running
2026-01-09 05:00:00,Packing Plant,803.67,14.26,2.94,145.58,120.4,Running
2026-01-09 06:00:00,Crusher,858.34,8.94,2.38,136.36,104.98,Idle
2026-01-09 07:00:00,Raw Mill,838.76,14.7,2.82,138.58,128.59,Running
2026-01-09 08:00:00,Kiln,905.97,13.39,2.53,137.06,130.47,Running
2026-01-09 09:00:00,Packing Plant,865.74,13.34,2.82,170.99,111.97,Maintenance
2026-01-09 10:00:00,Packing Plant,902.7,12.3,3.54,136.22,146.04,Maintenance
2026-01-09 11:00:00,Crusher,857.92,11.02,2.26,143.59,126.36,Maintenance
2026-01-09 12:00:00,Raw Mill,870.91,11.14,2.49,192.85,145.91,Idle
2026-01-09 13:00:00,Raw Mill,867.45,12.06,2.56,162.27,104.66,Running
2026-01-09 14:00:00,Cement Mill,839.7,9.5,2.7,162.94,112.75,Maintenance
2026-01-09 15:00:00,Packing Plant,912.96,10.16,1.77,154.49,135.71,Idle
2026-01-09 16:00:00,Kiln,917.36,11.31,3.04,149.23,117.41,Maintenance
2026-01-09 17:00:00,Packing Plant,885.35,12.98,1.71,179.53,140.7,Idle
2026-01-09 18:00:00,Packing Plant,824.98,12.59,2.75,155.21,111.75,Maintenance
2026-01-09 19:00:00,Crusher,823.14,11.96,3.09,160.87,114.44,Maintenance
2026-01-09 20:00:00,Kiln,880.87,7.73,3.07,115.21,114.56,Idle
2026-01-09 21:00:00,Kiln,805.21,10.06,3.08,140.65,125.2,Running
2026-01-09 22:00:00,Kiln,848.12,12.72,2.54,124.34,134.94,Maintenance
2026-01-09 23:00:00,Kiln,830.25,9.67,2.29,180.02,132.75,Running
2026-01-10 00:00:00,Packing Plant,836.05,11.48,2.34,191.53,125.73,Maintenance
2026-01-10 01:00:00,Kiln,867.2,13.55,2.62,144.82,117.05,Maintenance
2026-01-10 02:00:00,Cement Mill,847.14,11.94,2.86,151.04,130.99,Idle
2026-01-10 03:00:00,Packing Plant,846.77,12.12,1.5,168.33,125.2,Maintenance
2026-01-10 04:00:00,Crusher,889.92,7.66,3.54,147.21,136.62,Idle
2026-01-10 05:00:00,Packing Plant,808.4,12.92,1.97,137.52,148.71,Idle
2026-01-10 06:00:00,Cement Mill,842.37,12.33,2.94,159.91,122.26,Maintenance
2026-01-10 07:00:00,Crusher,864.6,15.61,2.47,154.02,135.76,Maintenance
2026-01-10 08:00:00,Packing Plant,894.22,13.78,2.82,127.14,144.5,Maintenance
2026-01-10 09:00:00,Packing Plant,804.15,12.45,2.12,148.72,124.93,Idle
2026-01-10 10:00:00,Packing Plant,862.85,12.63,3.31,159.07,116.34,Idle
2026-01-10 11:00:00,Kiln,888.56,13.78,1.89,161.95,130.52,Idle
2026-01-10 12:00:00,Raw Mill,838.1,14.06,2.42,152.51,117.4,Running
2026-01-10 13:00:00,Crusher,850.62,10.36,1.78,181.89,107.3,Maintenance
2026-01-10 14:00:00,Kiln,810.34,8.77,2.18,123.54,144.63,Maintenance
2026-01-10 15:00:00,Cement Mill,890.39,10.97,3.63,169.64,115.13,Running
2026-01-10 16:00:00,Packing Plant,750.02,15.44,1.81,117.09,135.34,Idle
2026-01-10 17:00:00,Crusher,947.59,14.08,2.78,161.9,132.8,Running
2026-01-10 18:00:00,Packing Plant,880.36,12.42,2.55,148.75,108.69,Idle
2026-01-10 19:00:00,Packing Plant,838.77,9.46,2.45,130.23,103.45,Idle
2026-01-10 20:00:00,Raw Mill,857.2,14.09,2.96,118.59,105.16,Running
2026-01-10 21:00:00,Raw Mill,887.63,10.53,2.39,161.0,105.47,Maintenance
2026-01-10 22:00:00,Cement Mill,854.22,10.0,2.2,156.4,96.11,Maintenance
2026-01-10 23:00:00,Packing Plant,867.62,11.97,2.78,154.48,140.46,Idle
2026-01-11 00:00:00,Crusher,855.01,11.36,2.56,160.87,120.73,Maintenance
2026-01-11 01:00:00,Crusher,851.62,10.95,2.17,121.95,146.24,Maintenance
2026-01-11 02:00:00,Cement Mill,,10.96,2.14,167.9,115.58,Maintenance
2026-01-11 03:00:00,Cement Mill,899.91,10.99,2.64,133.29,152.18,Idle
2026-01-11 04:00:00,Cement Mill,802.5,12.46,2.82,158.28,117.22,Idle
2026-01-11 05:00:00,Kiln,844.81,12.07,2.43,169.28,153.16,Running
2026-01-11 06:00:00,Crusher,827.7,9.95,2.46,201.59,107.94,Maintenance
2026-01-11 07:00:00,Crusher,915.56,14.52,2.22,161.38,144.43,Running
2026-01-11 08:00:00,Raw Mill,834.83,,2.21,129.7,110.26,Idle
2026-01-11 09:00:00,Cement Mill,801.04,12.05,2.12,154.68,96.66,Idle
2026-01-11 10:00:00,Crusher,863.24,13.25,1.5,157.48,138.42,Maintenance
2026-01-11 11:00:00,Kiln,801.61,14.51,2.71,135.9,119.16,Running
2026-01-11 12:00:00,Kiln,872.33,12.11,2.77,131.59,122.54,Idle
2026-01-11 13:00:00,Kiln,793.45,11.83,2.05,135.29,138.54,Maintenance
2026-01-11 14:00:00,Raw Mill,893.65,12.91,1.95,143.67,138.2,Maintenance
2026-01-11 15:00:00,Packing Plant,,15.48,2.7,153.84,115.36,Running
2026-01-11 16:00:00,Cement Mill,855.34,11.77,2.85,169.13,108.21,Running
2026-01-11 17:00:00,Raw Mill,796.75,9.25,2.75,127.93,87.71,Idle
2026-01-11 18:00:00,Raw Mill,865.54,15.74,2.5,166.77,121.23,Running
2026-01-11 19:00:00,Kiln,846.04,13.38,2.35,155.35,124.83,Running
2026-01-11 20:00:00,Packing Plant,823.28,13.49,2.41,134.89,128.05,Maintenance
2026-01-11 21:00:00,Kiln,814.06,12.04,2.5,171.72,127.12,Maintenance
2026-01-11 22:00:00,Raw Mill,,13.23,3.2,161.16,120.16,Running
2026-01-11 23:00:00,Cement Mill,797.53,10.4,2.35,137.81,117.2,Running
2026-01-12 00:00:00,Crusher,852.27,12.79,2.46,159.73,120.97,Idle
2026-01-12 01:00:00,Cement Mill,770.98,10.59,2.43,125.81,129.0,Running
2026-01-12 02:00:00,Kiln,911.23,13.83,2.39,179.81,122.23,Running
2026-01-12 03:00:00,Cement Mill,836.52,11.08,2.35,142.24,122.56,Maintenance
2026-01-12 04:00:00,Crusher,856.42,12.0,2.72,173.81,134.24,Running
2026-01-12 05:00:00,Cement Mill,790.6,8.17,2.97,122.66,116.63,Idle
2026-01-12 06:00:00,Packing Plant,803.2,9.3,2.77,165.18,111.35,Maintenance
2026-01-12 07:00:00,Kiln,746.36,11.18,2.7,120.42,122.75,Running
2026-01-12 08:00:00,Raw Mill,849.39,12.87,2.56,130.54,137.95,Running
2026-01-12 09:00:00,Cement Mill,843.66,11.96,2.03,141.13,106.73,Maintenance
2026-01-12 10:00:00,Packing Plant,843.08,14.57,1.81,117.73,142.07,Idle
2026-01-12 11:00:00,Crusher,841.63,11.0,3.02,137.89,147.39,Running
2026-01-12 12:00:00,Cement Mill,877.12,11.27,3.58,137.89,131.13,Maintenance
2026-01-12 13:00:00,Cement Mill,861.97,13.95,3.28,150.64,108.7,Running
2026-01-12 14:00:00,Crusher,868.4,10.98,3.51,152.73,114.52,Running
2026-01-12 15:00:00,Kiln,857.39,9.98,2.01,174.01,110.15,Running
2026-01-12 16:00:00,Crusher,808.12,12.8,3.09,164.38,134.94,Idle
2026-01-12 17:00:00,Raw Mill,819.73,9.87,3.25,143.55,116.24,Idle
2026-01-12 18:00:00,Cement Mill,903.13,12.83,2.73,193.3,110.35,Running
2026-01-12 19:00:00,Cement Mill,887.11,12.09,2.63,180.57,127.62,Idle
2026-01-12 20:00:00,Crusher,871.53,13.61,2.32,133.22,104.33,Idle
2026-01-12 21:00:00,Raw Mill,771.35,15.08,1.95,145.57,115.85,Idle
2026-01-12 22:00:00,Raw Mill,862.3,13.22,2.93,138.34,117.49,Idle
2026-01-12 23:00:00,Packing Plant,861.3,11.63,3.3,159.82,131.02,Idle
2026-01-13 00:00:00,Kiln,876.52,13.76,2.59,124.06,126.0,Maintenance
2026-01-13 01:00:00,Cement Mill,823.95,11.21,2.79,174.77,120.32,Maintenance
2026-01-13 02:00:00,Cement Mill,862.35,14.55,2.62,202.03,128.48,Maintenance
2026-01-13 03:00:00,Kiln,779.57,13.13,2.69,175.8,130.1,Maintenance
2026-01-13 04:00:00,Cement Mill,844.46,10.16,2.4,132.99,111.29,Maintenance
2026-01-13 05:00:00,Kiln,873.54,14.5,2.7,126.08,126.67,Maintenance
2026-01-13 06:00:00,Crusher,897.87,11.09,2.43,150.29,108.23,Idle
2026-01-13 07:00:00,Crusher,875.93,11.82,2.71,132.25,113.44,Running
2026-01-13 08:00:00,Crusher,878.9,11.44,3.36,142.01,123.37,Idle
2026-01-13 09:00:00,Cement Mill,887.3,9.87,1.62,119.49,138.94,Maintenance
2026-01-13 10:00:00,Crusher,827.93,15.84,2.22,153.69,143.13,Idle
2026-01-13 11:00:00,Crusher,930.24,15.09,3.1,170.48,128.89,Running
2026-01-13 12:00:00,Crusher,881.13,11.17,2.09,149.93,117.45,Running
2026-01-13 13:00:00,Raw Mill,831.87,13.04,2.98,151.77,142.16,Idle
2026-01-13 14:00:00,Cement Mill,804.33,11.71,2.14,112.67,118.76,Maintenance
2026-01-13 15:00:00,Cement Mill,845.13,,2.82,129.52,147.81,Running
2026-01-13 16:00:00,Packing Plant,898.84,12.87,2.39,130.81,114.42,Maintenance
2026-01-13 17:00:00,Raw Mill,893.55,14.83,3.27,140.22,103.21,Idle
2026-01-13 18:00:00,Cement Mill,855.64,9.35,2.66,147.05,113.01,Idle
2026-01-13 19:00:00,Raw Mill,786.21,12.77,2.23,126.6,76.92,Maintenance
2026-01-13 20:00:00,Packing Plant,848.9,14.66,3.33,140.86,110.97,Running
2026-01-13 21:00:00,Packing Plant,868.75,10.5,2.65,165.32,138.4,Idle
2026-01-13 22:00:00,Cement Mill,845.99,11.69,2.06,133.46,116.6,Maintenance
2026-01-13 23:00:00,Kiln,864.69,13.37,2.1,179.85,115.93,Running
2026-01-14 00:00:00,Raw Mill,849.15,10.88,1.29,167.68,131.05,Running
2026-01-14 01:00:00,Crusher,838.75,12.1,2.76,118.75,112.06,Idle
2026-01-14 02:00:00,Kiln,881.77,10.12,2.65,122.87,127.0,Idle
2026-01-14 03:00:00,Crusher,848.57,9.58,3.08,135.31,107.85,Idle
2026-01-14 04:00:00,Kiln,858.02,13.72,1.99,151.23,126.43,Running
2026-01-14 05:00:00,Cement Mill,877.72,12.26,2.32,133.45,121.29,Running
2026-01-14 06:00:00,Kiln,807.11,7.62,2.72,168.08,84.56,Maintenance
2026-01-14 07:00:00,Kiln,809.61,12.93,3.53,150.42,109.08,Idle
2026-01-14 08:00:00,Raw Mill,842.68,14.06,2.18,134.02,112.76,Running
2026-01-14 09:00:00,Cement Mill,811.87,12.18,3.31,156.46,116.21,Idle
2026-01-14 10:00:00,Kiln,838.33,9.66,2.94,148.44,117.29,Idle
2026-01-14 11:00:00,Cement Mill,977.72,12.45,2.12,141.47,137.23,Running
2026-01-14 12:00:00,Crusher,854.53,9.84,2.96,136.64,148.1,Maintenance
2026-01-14 13:00:00,Cement Mill,893.2,11.33,3.14,151.36,132.79,Idle
2026-01-14 14:00:00,Crusher,869.39,10.73,2.18,170.6,114.98,Running
2026-01-14 15:00:00,Raw Mill,833.85,10.57,2.71,191.25,103.99,Running
2026-01-14 16:00:00,Crusher,850.97,14.12,2.46,159.05,104.06,Idle
2026-01-14 17:00:00,Raw Mill,867.13,11.72,2.99,173.75,158.84,Idle
2026-01-14 18:00:00,Crusher,873.19,12.49,2.6,142.94,125.08,Maintenance
2026-01-14 19:00:00,Crusher,838.18,12.25,3.16,129.87,137.1,Running
2026-01-14 20:00:00,Cement Mill,902.68,11.82,1.44,137.84,139.45,Running
2026-01-14 21:00:00,Packing Plant,849.09,10.5,2.25,166.81,128.2,Running
2026-01-14 22:00:00,Cement Mill,840.44,11.45,2.3,131.55,144.23,Maintenance
2026-01-14 23:00:00,Raw Mill,837.11,13.83,3.26,169.97,113.53,Idle
2026-01-15 00:00:00,Kiln,866.15,11.96,,156.49,102.31,Running
2026-01-15 01:00:00,Raw Mill,897.51,11.3,2.6,155.67,116.12,Running
2026-01-15 02:00:00,Raw Mill,873.47,11.29,2.94,123.08,121.9,Maintenance
2026-01-15 03:00:00,Crusher,927.56,10.5,2.16,160.28,122.69,Idle
2026-01-15 04:00:00,Packing Plant,864.03,12.73,2.82,172.19,126.15,Idle
2026-01-15 05:00:00,Packing Plant,840.35,13.01,3.45,147.35,105.38,Maintenance
2026-01-15 06:00:00,Kiln,894.28,11.82,1.41,166.95,111.97,Idle
2026-01-15 07:00:00,Packing Plant,846.38,12.5,2.6,164.19,113.47,Idle
2026-01-15 08:00:00,Packing Plant,870.52,11.61,2.87,162.31,105.97,Maintenance
2026-01-15 09:00:00,Packing Plant,,11.2,2.9,157.35,147.57,Running
2026-01-15 10:00:00,Packing Plant,841.06,11.48,,143.94,132.0,Maintenance
2026-01-15 11:00:00,Kiln,785.35,10.42,1.97,169.01,145.66,Running
2026-01-15 12:00:00,Kiln,845.82,11.75,2.54,173.24,106.09,Idle
2026-01-15 13:00:00,Kiln,859.53,13.46,2.75,153.79,135.02,Running
2026-01-15 14:00:00,Cement Mill,,13.02,2.17,113.39,127.67,Running
2026-01-15 15:00:00,Raw Mill,904.95,11.79,2.98,182.25,139.72,Maintenance
2026-01-15 16:00:00,Packing Plant,915.6,13.11,2.54,117.96,116.31,Maintenance
2026-01-15 17:00:00,Kiln,816.27,15.26,2.41,152.46,128.27,Idle
2026-01-15 18:00:00,Kiln,851.74,14.54,2.19,153.89,108.86,Running
2026-01-15 19:00:00,Raw Mill,797.2,11.08,2.48,141.41,109.61,Idle
2026-01-15 20:00:00,Cement Mill,793.75,11.88,1.75,165.2,121.24,Idle
2026-01-15 21:00:00,Cement Mill,791.7,11.54,2.12,156.38,140.11,Running
2026-01-15 22:00:00,Cement Mill,774.99,12.17,2.42,163.43,123.2,Running
2026-01-15 23:00:00,Kiln,819.92,11.52,2.1,171.52,120.32,Idle
2026-01-16 00:00:00,Crusher,926.05,,2.15,119.73,92.95,Running
2026-01-16 01:00:00,Kiln,786.63,12.4,2.75,118.38,133.43,Maintenance
2026-01-16 02:00:00,Kiln,830.68,,3.31,167.94,115.97,Running
2026-01-16 03:00:00,Kiln,814.35,8.77,2.14,145.78,105.19,Idle
2026-01-16 04:00:00,Cement Mill,844.75,12.12,2.39,137.0,122.53,Maintenance
2026-01-16 05:00:00,Cement Mill,867.68,10.36,3.21,148.03,120.28,Idle
2026-01-16 06:00:00,Raw Mill,878.33,12.35,2.98,155.74,110.81,Maintenance
2026-01-16 07:00:00,Crusher,864.46,,2.55,149.34,116.88,Idle
2026-01-16 08:00:00,Packing Plant,844.86,9.18,,151.86,122.4,Maintenance
2026-01-16 09:00:00,Packing Plant,808.89,13.9,2.07,169.39,126.41,Idle
2026-01-16 10:00:00,Cement Mill,824.15,14.66,1.9,168.38,135.01,Running
2026-01-16 11:00:00,Packing Plant,823.18,14.09,2.37,155.77,123.9,Running
2026-01-16 12:00:00,Crusher,844.63,13.22,2.9,115.03,139.57,Running
2026-01-16 13:00:00,Cement Mill,783.5,13.55,3.06,128.18,113.84,Idle
2026-01-16 14:00:00,Packing Plant,805.77,11.68,2.35,165.59,139.65,Running
2026-01-16 15:00:00,Crusher,905.83,11.16,2.4,116.33,107.91,Running
2026-01-16 16:00:00,Cement Mill,888.59,14.42,1.88,138.15,119.6,Idle
2026-01-16 17:00:00,Packing Plant,861.21,10.79,2.71,140.52,119.78,Maintenance
2026-01-16 18:00:00,Kiln,871.85,12.01,2.28,147.81,118.67,Maintenance
2026-01-16 19:00:00,Cement Mill,835.2,11.61,3.3,161.22,115.57,Idle
2026-01-16 20:00:00,Crusher,877.88,11.5,3.09,157.39,118.39,Idle
2026-01-16 21:00:00,Cement Mill,867.91,9.64,1.94,126.12,122.14,Running
2026-01-16 22:00:00,Cement Mill,919.3,15.35,2.82,160.02,92.98,Idle
2026-01-16 23:00:00,Raw Mill,828.29,10.82,2.19,146.64,112.92,Idle
2026-01-17 00:00:00,Crusher,770.83,13.12,1.96,154.78,151.11,Idle
2026-01-17 01:00:00,Kiln,813.22,8.2,2.36,172.02,149.38,Running
2026-01-17 02:00:00,Kiln,800.82,12.75,2.27,147.88,159.67,Maintenance
2026-01-17 03:00:00,Packing Plant,789.88,12.38,2.73,171.72,121.47,Running
2026-01-17 04:00:00,Kiln,862.32,11.41,2.63,143.14,129.32,Maintenance
2026-01-17 05:00:00,Raw Mill,835.22,12.57,2.49,172.52,119.23,Idle
2026-01-17 06:00:00,Raw Mill,779.08,13.89,2.05,136.92,111.07,Running
2026-01-17 07:00:00,Cement Mill,904.98,8.8,4.07,171.12,123.35,Running
2026-01-17 08:00:00,Cement Mill,847.8,12.43,2.76,162.9,128.33,Maintenance
2026-01-17 09:00:00,Kiln,853.58,11.7,2.42,146.1,137.01,Idle
2026-01-17 10:00:00,Packing Plant,873.74,7.59,2.83,153.89,119.72,Running
2026-01-17 11:00:00,Raw Mill,834.46,13.69,2.97,134.54,126.11,Running
2026-01-17 12:00:00,Crusher,811.13,9.93,2.19,167.25,134.3,Idle
2026-01-17 13:00:00,Packing Plant,870.52,13.09,2.76,137.17,126.48,Idle
2026-01-17 14:00:00,Kiln,882.02,13.13,3.09,164.17,125.27,Maintenance
2026-01-17 15:00:00,Kiln,892.81,11.96,2.06,146.74,108.83,Maintenance
2026-01-17 16:00:00,Kiln,822.99,11.78,2.1,143.84,91.6,Idle
2026-01-17 17:00:00,Kiln,858.53,12.0,2.09,163.18,134.06,Running
2026-01-17 18:00:00,Cement Mill,785.7,10.86,2.12,131.2,132.44,Running
2026-01-17 19:00:00,Raw Mill,842.25,11.6,,162.71,101.41,Maintenance
2026-01-17 20:00:00,Cement Mill,852.4,12.42,3.18,123.82,74.71,Maintenance
2026-01-17 21:00:00,Kiln,857.35,14.7,3.12,154.19,112.63,Idle
2026-01-17 22:00:00,Kiln,882.28,10.54,2.74,160.11,135.9,Idle
2026-01-17 23:00:00,Kiln,960.39,12.59,2.25,149.49,93.46,Running
2026-01-18 00:00:00,Kiln,822.21,11.39,2.24,153.05,107.66,Running
2026-01-18 01:00:00,Packing Plant,894.84,12.0,2.5,143.44,122.33,Running
2026-01-18 02:00:00,Cement Mill,883.0,10.7,2.17,143.93,99.81,Running
2026-01-18 03:00:00,Cement Mill,817.23,11.29,2.94,155.25,122.9,Idle
2026-01-18 04:00:00,Kiln,884.04,11.79,2.7,147.94,123.98,Maintenance
2026-01-18 05:00:00,Packing Plant,826.69,,2.43,178.45,133.89,Idle
2026-01-18 06:00:00,Crusher,888.62,13.85,2.54,153.95,110.74,Idle
2026-01-18 07:00:00,Packing Plant,837.36,12.92,3.1,147.21,113.25,Running
2026-01-18 08:00:00,Raw Mill,850.02,12.9,1.78,104.08,111.74,Maintenance
2026-01-18 09:00:00,Crusher,801.17,11.24,,140.94,141.79,Maintenance
2026-01-18 10:00:00,Cement Mill,863.07,12.45,2.81,127.22,135.59,Idle
2026-01-18 11:00:00,Crusher,846.97,13.01,1.96,118.92,132.27,Idle
2026-01-18 12:00:00,Packing Plant,865.06,10.65,,172.51,102.16,Maintenance
2026-01-18 13:00:00,Raw Mill,915.71,10.65,2.82,143.43,129.05,Running
2026-01-18 14:00:00,Raw Mill,828.24,11.76,2.52,129.96,131.11,Running
2026-01-18 15:00:00,Cement Mill,829.47,11.66,2.0,98.75,117.13,Maintenance
2026-01-18 16:00:00,Raw Mill,946.5,13.18,2.49,144.74,120.34,Running
2026-01-18 17:00:00,Crusher,871.88,10.23,3.06,164.31,130.77,Running
2026-01-18 18:00:00,Raw Mill,867.54,12.03,2.84,161.84,114.69,Idle
2026-01-18 19:00:00,Crusher,827.06,12.15,3.27,125.22,97.99,Running
2026-01-18 20:00:00,Raw Mill,856.59,12.08,2.59,154.88,116.65,Running
2026-01-18 21:00:00,Raw Mill,909.59,9.6,2.09,147.93,95.35,Running
2026-01-18 22:00:00,Crusher,842.97,14.49,2.51,154.61,101.1,Idle
2026-01-18 23:00:00,Kiln,825.35,11.44,2.34,175.63,128.37,Idle
2026-01-19 00:00:00,Kiln,805.54,12.37,2.75,172.8,143.71,Maintenance
2026-01-19 01:00:00,Raw Mill,809.4,10.78,1.87,145.32,127.0,Maintenance
2026-01-19 02:00:00,Crusher,889.49,11.89,2.34,153.04,107.47,Idle
2026-01-19 03:00:00,Crusher,933.58,9.59,2.59,190.47,120.1,Maintenance
2026-01-19 04:00:00,Crusher,842.4,11.46,2.41,177.46,86.82,Running
2026-01-19 05:00:00,Kiln,911.34,9.86,2.37,141.42,128.83,Idle
2026-01-19 06:00:00,Packing Plant,786.08,,3.51,122.74,122.85,Maintenance
2026-01-19 07:00:00,Raw Mill,823.52,12.64,2.51,137.17,127.32,Maintenance
2026-01-19 08:00:00,Kiln,922.17,11.71,2.86,124.13,105.65,Maintenance
2026-01-19 09:00:00,Cement Mill,868.9,14.23,2.68,143.74,119.99,Idle
2026-01-19 10:00:00,Cement Mill,799.98,12.91,2.94,140.96,112.95,Maintenance
2026-01-19 11:00:00,Crusher,860.64,11.34,2.47,191.99,116.29,Running
2026-01-19 12:00:00,Crusher,835.67,11.03,2.87,146.38,110.26,Running
2026-01-19 13:00:00,Packing Plant,902.85,14.13,2.2,112.67,135.11,Running
2026-01-19 14:00:00,Kiln,822.61,13.19,1.51,167.85,101.83,Maintenance
2026-01-19 15:00:00,Kiln,879.23,12.02,2.02,141.86,130.29,Idle
2026-01-19 16:00:00,Raw Mill,854.24,12.88,3.49,118.72,144.26,Running
2026-01-19 17:00:00,Kiln,854.17,10.65,1.83,146.22,133.82,Running
2026-01-19 18:00:00,Cement Mill,844.9,14.27,1.77,149.76,101.21,Running
2026-01-19 19:00:00,Packing Plant,864.55,13.33,2.29,97.92,122.98,Running
2026-01-19 20:00:00,Packing Plant,867.47,12.61,3.12,128.58,130.2,Idle
2026-01-19 21:00:00,Raw Mill,897.7,9.33,2.66,139.92,118.78,Idle
2026-01-19 22:00:00,Packing Plant,863.91,11.27,,150.68,103.69,Maintenance
2026-01-19 23:00:00,Cement Mill,806.57,13.02,1.93,163.33,126.94,Running
2026-01-20 00:00:00,Crusher,780.97,10.98,3.1,130.38,113.03,Idle
2026-01-20 01:00:00,Packing Plant,868.48,13.18,2.37,138.05,141.34,Maintenance
2026-01-20 02:00:00,Packing Plant,919.56,13.47,2.54,133.83,107.54,Maintenance
2026-01-20 03:00:00,Kiln,870.9,12.63,3.2,163.01,97.45,Running
2026-01-20 04:00:00,Kiln,892.08,10.5,,155.0,149.94,Idle
2026-01-20 05:00:00,Raw Mill,974.4,12.91,2.41,160.69,133.31,Idle
2026-01-20 06:00:00,Raw Mill,837.17,14.69,2.62,159.95,129.99,Maintenance
2026-01-20 07:00:00,Kiln,866.86,13.26,2.19,138.83,103.5,Idle
2026-01-20 08:00:00,Packing Plant,867.58,13.17,2.73,183.49,119.92,Maintenance
2026-01-20 09:00:00,Crusher,876.75,10.36,2.31,163.91,132.74,Idle
2026-01-20 10:00:00,Crusher,838.24,11.89,1.74,142.86,133.36,Maintenance
2026-01-20 11:00:00,Kiln,873.01,12.75,2.52,150.14,110.1,Maintenance
2026-01-20 12:00:00,Cement Mill,877.95,12.63,2.75,139.48,87.7,Running
2026-01-20 13:00:00,Kiln,893.89,11.28,2.07,163.87,114.12,Running
2026-01-20 14:00:00,Kiln,892.4,12.93,2.84,122.68,138.18,Running
2026-01-20 15:00:00,Packing Plant,860.45,11.45,2.57,114.48,126.13,Maintenance
2026-01-20 16:00:00,Cement Mill,808.83,9.97,1.74,172.25,110.56,Maintenance
2026-01-20 17:00:00,Raw Mill,911.35,11.2,1.65,127.67,138.54,Running
2026-01-20 18:00:00,Crusher,843.76,11.18,2.58,160.04,136.76,Idle
2026-01-20 19:00:00,Packing Plant,907.94,11.46,1.84,141.73,123.9,Idle
2026-01-20 20:00:00,Crusher,811.45,,2.67,149.03,120.49,Idle
2026-01-20 21:00:00,Cement Mill,819.66,11.65,2.04,167.8,135.53,Maintenance
2026-01-20 22:00:00,Crusher,776.15,10.61,1.75,137.0,118.75,Idle
2026-01-20 23:00:00,Packing Plant,792.01,10.62,2.0,154.15,121.04,Maintenance
2026-01-21 00:00:00,Crusher,821.13,12.27,2.23,144.57,145.1,Idle
2026-01-21 01:00:00,Cement Mill,903.62,10.05,2.91,166.23,102.78,Idle
2026-01-21 02:00:00,Kiln,882.75,14.31,1.94,131.65,135.26,Maintenance
2026-01-21 03:00:00,Kiln,860.86,12.83,2.67,157.81,100.1,Maintenance
2026-01-21 04:00:00,Kiln,891.89,13.75,2.39,149.13,97.03,Running
2026-01-21 05:00:00,Raw Mill,870.57,12.86,2.47,172.49,114.99,Idle
2026-01-21 06:00:00,Packing Plant,872.58,10.47,2.49,146.51,123.38,Running
2026-01-21 07:00:00,Cement Mill,835.22,11.8,2.91,141.26,95.9,Maintenance
2026-01-21 08:00:00,Cement Mill,919.98,,1.85,163.79,112.46,Maintenance
2026-01-21 09:00:00,Crusher,860.54,12.44,2.38,134.32,109.64,Running
2026-01-21 10:00:00,Packing Plant,813.35,10.75,2.47,135.68,130.23,Idle
2026-01-21 11:00:00,Kiln,909.49,11.13,2.62,159.99,127.08,Idle
2026-01-21 12:00:00,Packing Plant,853.04,13.11,2.74,125.25,133.04,Maintenance
2026-01-21 13:00:00,Crusher,885.49,10.86,2.52,163.67,116.86,Running
2026-01-21 14:00:00,Cement Mill,892.92,15.55,2.11,122.38,124.56,Running
2026-01-21 15:00:00,Packing Plant,878.86,11.65,3.23,123.23,130.39,Idle
2026-01-21 16:00:00,Packing Plant,825.77,14.58,3.5,134.67,111.76,Idle
2026-01-21 17:00:00,Crusher,884.38,11.42,2.48,150.51,91.2,Maintenance
2026-01-21 18:00:00,Cement Mill,849.45,,2.25,178.87,101.15,Maintenance
2026-01-21 19:00:00,Raw Mill,882.53,11.58,2.36,165.81,125.1,Maintenance
2026-01-21 20:00:00,Raw Mill,872.82,13.45,2.33,137.76,103.72,Running
2026-01-21 21:00:00,Cement Mill,816.98,16.42,3.12,122.98,100.16,Idle
2026-01-21 22:00:00,Cement Mill,869.27,12.82,2.77,144.9,118.12,Running
2026-01-21 23:00:00,Crusher,863.12,12.13,1.39,145.4,107.23,Running
2026-01-22 00:00:00,Raw Mill,857.01,16.48,2.68,143.73,133.83,Maintenance
2026-01-22 01:00:00,Packing Plant,869.31,12.63,2.8,191.13,103.04,Idle
2026-01-22 02:00:00,Kiln,868.95,10.61,2.78,131.63,113.74,Idle
2026-01-22 03:00:00,Packing Plant,838.2,,2.96,125.09,120.82,Running
2026-01-22 04:00:00,Cement Mill,821.62,10.11,2.39,143.83,156.4,Running
2026-01-22 05:00:00,Cement Mill,867.32,9.93,2.22,170.43,151.33,Idle
2026-01-22 06:00:00,Kiln,786.56,9.18,3.44,157.79,106.98,Idle
2026-01-22 07:00:00,Kiln,871.39,8.05,2.5,156.56,133.86,Running
2026-01-22 08:00:00,Crusher,809.44,12.13,2.04,155.11,106.57,Running
2026-01-22 09:00:00,Raw Mill,833.68,10.51,2.83,167.17,116.48,Maintenance
2026-01-22 10:00:00,Raw Mill,851.53,,2.35,149.0,159.31,Running
2026-01-22 11:00:00,Crusher,805.52,14.2,3.0,155.61,146.38,Maintenance
2026-01-22 12:00:00,Raw Mill,864.88,12.58,2.47,174.47,136.45,Maintenance
2026-01-22 13:00:00,Crusher,824.97,10.02,,134.0,119.05,Running
2026-01-22 14:00:00,Packing Plant,899.5,11.31,2.48,151.16,132.73,Maintenance
2026-01-22 15:00:00,Crusher,760.12,11.09,2.61,174.0,112.62,Idle
2026-01-22 16:00:00,Packing Plant,774.94,12.93,2.18,126.21,110.63,Maintenance
2026-01-22 17:00:00,Crusher,842.62,11.09,1.4,167.94,139.12,Idle
2026-01-22 18:00:00,Cement Mill,876.06,10.29,2.4,149.87,128.98,Maintenance
2026-01-22 19:00:00,Packing Plant,,10.9,2.54,159.15,141.84,Running
2026-01-22 20:00:00,Crusher,878.18,13.18,2.54,178.21,126.15,Running
2026-01-22 21:00:00,Packing Plant,815.56,14.11,2.85,141.14,112.81,Running
2026-01-22 22:00:00,Raw Mill,861.86,12.69,2.6,156.23,145.5,Idle
2026-01-22 23:00:00,Crusher,892.86,12.29,2.97,129.35,125.97,Idle
2026-01-23 00:00:00,Cement Mill,922.37,11.67,2.08,136.96,103.66,Idle
2026-01-23 01:00:00,Packing Plant,818.61,11.44,1.8,150.31,133.53,Running
2026-01-23 02:00:00,Raw Mill,813.69,14.28,2.76,170.61,110.13,Idle
2026-01-23 03:00:00,Kiln,884.18,10.36,2.95,153.44,128.3,Idle
2026-01-23 04:00:00,Raw Mill,802.98,10.66,2.8,131.03,126.95,Maintenance
2026-01-23 05:00:00,Packing Plant,795.31,13.27,,161.05,129.38,Maintenance
2026-01-23 06:00:00,Crusher,822.13,12.87,2.63,139.22,104.87,Running
2026-01-23 07:00:00,Crusher,771.49,12.52,1.72,151.91,116.05,Maintenance
2026-01-23 08:00:00,Raw Mill,877.17,11.55,2.34,164.64,125.03,Idle
2026-01-23 09:00:00,Cement Mill,862.65,12.7,1.73,165.14,129.19,Maintenance
2026-01-23 10:00:00,Cement Mill,809.33,11.63,2.48,147.31,125.01,Maintenance
2026-01-23 11:00:00,Kiln,907.25,13.62,1.84,162.44,139.93,Running
2026-01-23 12:00:00,Cement Mill,865.47,13.64,3.51,170.47,123.74,Maintenance
2026-01-23 13:00:00,Crusher,891.8,12.22,2.51,142.97,143.45,Maintenance
2026-01-23 14:00:00,Cement Mill,817.26,14.3,2.75,122.01,125.51,Running
2026-01-23 15:00:00,Crusher,766.0,12.94,2.94,138.15,121.85,Maintenance
2026-01-23 16:00:00,Raw Mill,928.17,11.24,1.97,179.63,149.44,Maintenance
2026-01-23 17:00:00,Packing Plant,850.15,13.52,3.17,135.15,112.72,Idle
2026-01-23 18:00:00,Cement Mill,899.23,14.53,2.78,132.4,149.81,Idle
2026-01-23 19:00:00,Kiln,828.76,11.5,2.67,181.08,132.81,Maintenance
2026-01-23 20:00:00,Cement Mill,866.59,12.69,2.52,161.16,82.06,Maintenance
2026-01-23 21:00:00,Crusher,838.14,12.36,1.92,157.73,116.93,Maintenance
2026-01-23 22:00:00,Packing Plant,920.22,14.36,2.27,146.98,118.89,Maintenance
2026-01-23 23:00:00,Packing Plant,831.93,12.29,2.12,127.39,129.34,Running
2026-01-24 00:00:00,Packing Plant,875.18,10.79,2.95,137.37,123.8,Idle
2026-01-24 01:00:00,Cement Mill,882.81,11.95,2.73,139.67,117.05,Idle
2026-01-24 02:00:00,Raw Mill,841.77,10.88,2.41,119.03,112.63,Running
2026-01-24 03:00:00,Cement Mill,838.6,11.62,2.38,148.76,127.19,Maintenance
2026-01-24 04:00:00,Crusher,884.98,11.03,1.9,129.16,112.69,Idle
2026-01-24 05:00:00,Crusher,835.92,10.85,1.85,140.88,122.72,Running
2026-01-24 06:00:00,Raw Mill,873.8,11.16,2.29,131.47,119.53,Idle
2026-01-24 07:00:00,Packing Plant,816.06,12.86,1.61,142.81,124.52,Running
2026-01-24 08:00:00,Packing Plant,857.35,16.04,2.67,129.92,118.57,Idle
2026-01-24 09:00:00,Cement Mill,778.95,11.88,2.08,168.31,111.76,Maintenance
2026-01-24 10:00:00,Crusher,845.33,11.05,3.37,143.58,147.49,Running
2026-01-24 11:00:00,Crusher,882.57,12.72,2.68,157.88,91.08,Maintenance
2026-01-24 12:00:00,Raw Mill,838.84,13.27,2.48,121.9,119.21,Idle
2026-01-24 13:00:00,Cement Mill,918.16,13.87,2.47,169.03,114.5,Idle
2026-01-24 14:00:00,Cement Mill,781.85,10.61,3.28,144.52,116.35,Maintenance
2026-01-24 15:00:00,Crusher,838.01,14.86,3.31,194.38,117.61,Idle
2026-01-24 16:00:00,Cement Mill,,9.73,3.24,126.64,123.25,Idle
2026-01-24 17:00:00,Kiln,806.11,11.12,2.08,137.84,111.91,Maintenance
2026-01-24 18:00:00,Packing Plant,828.07,13.25,1.95,154.41,138.27,Idle
2026-01-24 19:00:00,Crusher,829.47,10.92,,173.59,122.91,Running
2026-01-24 20:00:00,Kiln,828.75,12.73,1.95,163.63,126.13,Running
2026-01-24 21:00:00,Kiln,837.69,10.74,2.06,160.7,138.43,Running
2026-01-24 22:00:00,Crusher,824.51,12.69,1.46,138.31,119.53,Running
2026-01-24 23:00:00,Crusher,813.61,10.6,2.17,155.84,117.19,Idle
2026-01-25 00:00:00,Raw Mill,,8.82,2.2,159.15,78.79,Maintenance
2026-01-25 01:00:00,Raw Mill,830.01,11.21,3.19,142.3,125.74,Maintenance
2026-01-25 02:00:00,Cement Mill,855.65,8.8,2.88,154.31,127.62,Running
2026-01-25 03:00:00,Crusher,1007.05,8.87,3.36,144.25,124.31,Maintenance
2026-01-25 04:00:00,Packing Plant,848.18,11.36,2.22,156.59,97.24,Maintenance
2026-01-25 05:00:00,Cement Mill,880.02,11.38,1.93,141.0,138.86,Running
2026-01-25 06:00:00,Crusher,828.59,12.54,2.13,165.16,130.28,Running
2026-01-25 07:00:00,Kiln,923.94,11.74,2.83,151.96,139.44,Maintenance
2026-01-25 08:00:00,Raw Mill,821.25,13.12,2.4,148.72,121.38,Running
2026-01-25 09:00:00,Raw Mill,860.09,11.83,2.61,181.56,134.78,Maintenance
2026-01-25 10:00:00,Cement Mill,884.77,11.32,2.06,169.11,133.14,Maintenance
2026-01-25 11:00:00,Kiln,908.91,11.09,2.39,117.21,114.11,Maintenance
2026-01-25 12:00:00,Crusher,889.86,11.3,2.82,146.19,124.86,Running
2026-01-25 13:00:00,Raw Mill,804.09,12.13,1.0,146.26,95.54,Idle
2026-01-25 14:00:00,Raw Mill,898.24,13.17,2.73,180.42,105.77,Running
2026-01-25 15:00:00,Kiln,919.89,13.4,2.38,172.71,103.41,Idle
2026-01-25 16:00:00,Packing Plant,817.02,11.09,2.24,128.87,138.35,Running
2026-01-25 17:00:00,Raw Mill,839.65,12.53,2.21,113.59,124.05,Idle
2026-01-25 18:00:00,Packing Plant,773.51,11.9,1.82,189.75,133.67,Running
2026-01-25 19:00:00,Packing Plant,854.23,13.9,2.08,160.87,123.0,Running
2026-01-25 20:00:00,Packing Plant,860.56,13.91,2.87,155.77,95.18,Maintenance
2026-01-25 21:00:00,Kiln,811.6,11.82,2.55,127.4,156.18,Maintenance
2026-01-25 22:00:00,Packing Plant,910.66,12.9,2.54,145.76,105.72,Maintenance
2026-01-25 23:00:00,Cement Mill,853.1,12.39,1.88,156.68,117.67,Running
2026-01-26 00:00:00,Kiln,773.69,10.71,2.29,187.75,128.35,Running
2026-01-26 01:00:00,Raw Mill,796.58,12.73,1.73,171.65,112.93,Idle
2026-01-26 02:00:00,Packing Plant,846.25,13.99,1.86,122.06,111.25,Running
2026-01-26 03:00:00,Raw Mill,891.54,9.72,1.08,140.98,128.28,Maintenance
2026-01-26 04:00:00,Cement Mill,898.01,11.31,2.29,173.08,91.95,Maintenance
2026-01-26 05:00:00,Raw Mill,834.46,12.29,2.72,139.8,120.52,Running
2026-01-26 06:00:00,Raw Mill,750.47,11.01,2.73,130.35,120.88,Maintenance
2026-01-26 07:00:00,Crusher,867.87,11.49,2.59,130.75,116.9,Maintenance
2026-01-26 08:00:00,Raw Mill,874.41,12.24,2.21,154.48,130.72,Maintenance
2026-01-26 09:00:00,Crusher,768.0,13.74,2.33,158.51,137.96,Idle
2026-01-26 10:00:00,Cement Mill,795.13,10.94,2.36,134.32,146.02,Maintenance
2026-01-26 11:00:00,Crusher,815.73,11.17,2.6,125.96,114.06,Idle
2026-01-26 12:00:00,Raw Mill,862.7,11.5,2.45,139.41,97.28,Running
2026-01-26 13:00:00,Kiln,862.86,14.63,2.51,154.51,130.39,Running
2026-01-26 14:00:00,Crusher,799.23,14.55,2.6,182.64,109.0,Running
2026-01-26 15:00:00,Packing Plant,922.72,13.16,2.78,154.68,116.27,Maintenance
2026-01-26 16:00:00,Packing Plant,898.02,12.21,1.52,127.66,117.21,Running
2026-01-26 17:00:00,Crusher,862.4,11.92,3.11,110.98,122.15,Idle
2026-01-26 18:00:00,Packing Plant,777.28,13.14,2.45,158.39,107.04,Maintenance
2026-01-26 19:00:00,Packing Plant,901.18,13.56,2.79,147.41,128.7,Idle
2026-01-26 20:00:00,Kiln,821.72,13.28,3.32,171.41,109.06,Idle
2026-01-26 21:00:00,Cement Mill,864.46,10.06,2.79,159.01,91.95,Running
2026-01-26 22:00:00,Packing Plant,803.53,11.58,2.35,125.81,125.83,Running
2026-01-26 23:00:00,Kiln,860.06,11.71,2.12,170.97,144.83,Running
2026-01-27 00:00:00,Raw Mill,830.66,11.08,2.75,142.84,117.91,Idle
2026-01-27 01:00:00,Crusher,879.59,9.14,3.16,151.45,113.83,Idle
2026-01-27 02:00:00,Packing Plant,846.43,11.94,1.63,179.9,120.62,Idle
2026-01-27 03:00:00,Raw Mill,867.72,13.43,1.99,159.47,115.99,Idle
2026-01-27 04:00:00,Packing Plant,883.87,8.81,2.45,137.94,126.48,Running
2026-01-27 05:00:00,Packing Plant,868.8,10.94,2.14,147.79,106.55,Maintenance
2026-01-27 06:00:00,Raw Mill,883.68,11.45,1.05,142.5,104.42,Running
2026-01-27 07:00:00,Kiln,784.75,10.14,2.55,176.57,124.7,Idle
2026-01-27 08:00:00,Raw Mill,825.74,12.68,2.27,136.11,102.68,Idle
2026-01-27 09:00:00,Raw Mill,779.93,11.42,2.58,148.07,113.76,Maintenance
2026-01-27 10:00:00,Raw Mill,812.17,12.91,1.84,165.52,104.97,Idle
2026-01-27 11:00:00,Packing Plant,819.9,9.8,2.25,169.51,127.73,Running
2026-01-27 12:00:00,Kiln,889.14,12.78,1.95,143.38,108.3,Idle
2026-01-27 13:00:00,Cement Mill,903.22,10.2,2.95,167.86,147.44,Maintenance
2026-01-27 14:00:00,Crusher,833.61,13.07,3.64,137.65,96.97,Idle
2026-01-27 15:00:00,Kiln,774.8,13.07,1.56,142.55,126.56,Running
2026-01-27 16:00:00,Kiln,857.41,12.64,2.61,175.58,105.72,Idle
2026-01-27 17:00:00,Raw Mill,822.92,10.84,2.92,168.01,126.77,Idle
2026-01-27 18:00:00,Raw Mill,897.34,10.23,3.33,180.46,131.03,Running
2026-01-27 19:00:00,Raw Mill,921.27,9.52,2.24,135.29,130.82,Maintenance
2026-01-27 20:00:00,Packing Plant,807.99,13.14,3.19,163.9,124.26,Maintenance
2026-01-27 21:00:00,Packing Plant,810.49,10.73,3.12,165.59,119.41,Running
2026-01-27 22:00:00,Cement Mill,833.28,8.96,1.96,188.23,100.79,Running
2026-01-27 23:00:00,Cement Mill,857.58,13.51,1.87,153.69,134.07,Running
2026-01-28 00:00:00,Raw Mill,850.5,16.3,1.67,171.17,117.41,Running
2026-01-28 01:00:00,Kiln,880.88,12.66,2.13,154.58,92.13,Running
2026-01-28 02:00:00,Packing Plant,,12.45,2.82,171.16,125.51,Running
2026-01-28 03:00:00,Raw Mill,855.92,10.68,,173.73,141.55,Running
2026-01-28 04:00:00,Packing Plant,840.48,12.07,2.05,173.46,129.98,Maintenance
2026-01-28 05:00:00,Packing Plant,927.65,10.68,2.31,154.63,129.7,Running
2026-01-28 06:00:00,Crusher,841.37,10.69,2.94,164.42,106.26,Idle
2026-01-28 07:00:00,Cement Mill,904.22,13.76,2.57,151.59,128.31,Maintenance
2026-01-28 08:00:00,Cement Mill,815.53,12.05,1.42,167.53,96.58,Running
2026-01-28 09:00:00,Raw Mill,910.14,11.5,2.39,137.45,115.68,Running
2026-01-28 10:00:00,Raw Mill,906.74,8.27,3.14,156.76,101.89,Maintenance
2026-01-28 11:00:00,Cement Mill,806.99,14.51,2.03,126.93,137.06,Idle
2026-01-28 12:00:00,Cement Mill,863.54,10.59,2.61,129.48,136.51,Maintenance
2026-01-28 13:00:00,Packing Plant,892.45,,2.68,185.22,120.0,Idle
2026-01-28 14:00:00,Raw Mill,802.73,12.67,3.54,129.7,114.58,Idle
2026-01-28 15:00:00,Raw Mill,866.66,11.92,2.01,172.44,154.8,Running
2026-01-28 16:00:00,Packing Plant,857.85,10.64,1.73,155.16,136.56,Idle
2026-01-28 17:00:00,Kiln,869.01,12.0,2.21,128.16,132.52,Maintenance
2026-01-28 18:00:00,Packing Plant,886.55,9.68,3.29,161.48,140.99,Idle
2026-01-28 19:00:00,Raw Mill,796.31,9.95,2.43,160.06,146.95,Idle
2026-01-28 20:00:00,Packing Plant,878.24,11.64,1.99,174.6,105.53,Idle
2026-01-28 21:00:00,Crusher,915.14,11.57,3.3,163.58,117.95,Maintenance
2026-01-28 22:00:00,Cement Mill,829.22,11.49,2.71,151.54,111.09,Idle
2026-01-28 23:00:00,Kiln,843.37,12.12,1.44,159.16,105.3,Running
2026-01-29 00:00:00,Kiln,803.87,9.47,1.6,122.89,109.36,Maintenance
2026-01-29 01:00:00,Crusher,928.13,11.21,2.59,158.01,121.97,Idle
2026-01-29 02:00:00,Crusher,846.9,10.21,3.23,186.14,94.76,Maintenance
2026-01-29 03:00:00,Raw Mill,809.04,11.58,2.02,160.12,109.08,Running
2026-01-29 04:00:00,Raw Mill,936.6,13.79,2.61,170.54,136.59,Running
2026-01-29 05:00:00,Packing Plant,827.44,10.78,2.54,167.23,122.09,Maintenance
2026-01-29 06:00:00,Packing Plant,786.92,10.8,2.46,148.49,149.59,Maintenance
2026-01-29 07:00:00,Kiln,794.56,12.76,3.24,195.43,113.93,Running
2026-01-29 08:00:00,Kiln,869.66,12.85,2.6,148.02,126.54,Running
2026-01-29 09:00:00,Cement Mill,748.71,13.02,2.56,145.55,150.7,Maintenance
2026-01-29 10:00:00,Cement Mill,823.0,11.4,3.5,133.36,111.75,Idle
2026-01-29 11:00:00,Packing Plant,844.12,13.26,2.6,124.15,112.02,Idle
2026-01-29 12:00:00,Packing Plant,825.71,11.88,2.71,158.36,93.36,Running
2026-01-29 13:00:00,Packing Plant,892.56,12.38,3.19,158.88,136.52,Idle
2026-01-29 14:00:00,Kiln,868.66,14.02,2.76,148.04,154.09,Idle
2026-01-29 15:00:00,Crusher,885.56,12.86,1.86,124.23,124.39,Idle
2026-01-29 16:00:00,Crusher,855.82,11.08,2.57,181.77,130.43,Maintenance
2026-01-29 17:00:00,Cement Mill,804.36,11.83,2.1,142.25,113.8,Running
2026-01-29 18:00:00,Crusher,830.89,10.12,2.44,138.79,76.06,Maintenance
2026-01-29 19:00:00,Cement Mill,932.12,13.63,,150.38,102.43,Idle
2026-01-29 20:00:00,Kiln,917.83,14.85,2.58,170.47,122.63,Maintenance
2026-01-29 21:00:00,Packing Plant,796.53,11.38,2.57,140.91,116.72,Idle
2026-01-29 22:00:00,Kiln,846.34,11.88,2.53,128.79,109.24,Running
2026-01-29 23:00:00,Packing Plant,798.62,13.47,1.45,173.07,140.8,Maintenance
2026-01-30 00:00:00,Cement Mill,837.91,8.1,2.32,148.72,104.84,Idle
2026-01-30 01:00:00,Cement Mill,829.39,14.3,2.83,131.51,96.04,Running
2026-01-30 02:00:00,Packing Plant,836.92,11.68,2.75,139.29,127.67,Idle
2026-01-30 03:00:00,Raw Mill,927.41,13.22,2.48,146.34,114.65,Maintenance
2026-01-30 04:00:00,Kiln,897.23,11.06,2.52,151.02,112.47,Maintenance
2026-01-30 05:00:00,Packing Plant,795.1,12.48,2.47,160.0,112.0,Maintenance
2026-01-30 06:00:00,Packing Plant,898.83,10.68,3.36,115.05,126.52,Running
2026-01-30 07:00:00,Crusher,869.02,10.81,2.71,175.59,86.75,Maintenance
2026-01-30 08:00:00,Raw Mill,870.11,8.26,2.02,182.58,111.27,Idle
2026-01-30 09:00:00,Raw Mill,803.04,11.7,3.53,113.37,104.23,Maintenance
2026-01-30 10:00:00,Crusher,909.9,,2.45,125.22,151.44,Maintenance
2026-01-30 11:00:00,Crusher,913.78,13.02,2.09,149.02,117.59,Running
2026-01-30 12:00:00,Packing Plant,863.23,14.18,2.94,128.45,140.65,Running
2026-01-30 13:00:00,Crusher,862.53,13.03,3.23,127.77,119.46,Idle
2026-01-30 14:00:00,Kiln,828.74,9.65,2.67,200.23,92.4,Idle
2026-01-30 15:00:00,Cement Mill,848.71,12.96,2.56,147.74,100.51,Idle
2026-01-30 16:00:00,Packing Plant,859.31,10.86,1.41,173.89,134.38,Maintenance
2026-01-30 17:00:00,Packing Plant,852.07,12.34,3.04,154.49,133.56,Running
2026-01-30 18:00:00,Kiln,838.1,13.97,2.66,153.88,100.95,Running
2026-01-30 19:00:00,Cement Mill,861.48,10.75,2.18,133.69,104.01,Idle
2026-01-30 20:00:00,Cement Mill,934.99,14.0,3.46,125.54,121.07,Maintenance
2026-01-30 21:00:00,Cement Mill,798.26,10.96,2.04,174.79,114.06,Running
2026-01-30 22:00:00,Packing Plant,892.74,12.91,3.65,120.41,138.89,Maintenance
2026-01-30 23:00:00,Kiln,895.86,10.54,3.0,156.72,116.59,Idle
2026-01-31 00:00:00,Raw Mill,817.04,10.92,3.52,150.01,131.73,Running
2026-01-31 01:00:00,Kiln,818.36,10.83,3.04,123.01,113.77,Maintenance
2026-01-31 02:00:00,Packing Plant,851.36,12.17,2.41,157.92,130.39,Maintenance
2026-01-31 03:00:00,Crusher,879.39,10.52,2.36,173.9,133.42,Idle
2026-01-31 04:00:00,Kiln,795.09,12.53,1.51,150.94,148.47,Idle
2026-01-31 05:00:00,Crusher,812.08,10.75,2.88,119.14,110.51,Running
2026-01-31 06:00:00,Packing Plant,873.86,11.05,2.38,164.88,126.32,Idle
2026-01-31 07:00:00,Crusher,860.67,11.49,2.69,147.53,126.87,Maintenance
2026-01-31 08:00:00,Raw Mill,830.12,11.73,2.01,149.3,107.83,Idle
2026-01-31 09:00:00,Raw Mill,805.44,12.39,2.61,165.66,113.53,Idle
2026-01-31 10:00:00,Raw Mill,866.32,12.83,2.72,133.49,122.24,Running
2026-01-31 11:00:00,Crusher,864.57,12.01,1.46,153.21,153.19,Maintenance
2026-01-31 12:00:00,Cement Mill,835.6,10.91,2.69,156.25,137.89,Idle
2026-01-31 13:00:00,Raw Mill,799.69,13.1,2.8,147.16,125.08,Maintenance
2026-01-31 14:00:00,Raw Mill,891.18,13.31,1.93,166.4,119.03,Maintenance
2026-01-31 15:00:00,Raw Mill,852.91,12.11,2.42,173.83,118.74,Running
2026-01-31 16:00:00,Raw Mill,805.22,11.41,2.59,174.58,129.05,Running
2026-01-31 17:00:00,Kiln,815.98,15.73,2.63,175.51,117.72,Maintenance
2026-01-31 18:00:00,Packing Plant,871.33,13.26,3.11,171.15,133.08,Maintenance
2026-01-31 19:00:00,Packing Plant,837.4,11.14,2.67,168.66,116.66,Running
2026-01-31 20:00:00,Packing Plant,892.61,14.18,2.04,133.26,117.89,Idle
2026-01-31 21:00:00,Cement Mill,862.3,11.21,3.18,158.48,120.59,Maintenance
2026-01-31 22:00:00,Crusher,792.56,10.03,2.64,107.35,135.19,Running
2026-01-31 23:00:00,Raw Mill,843.67,16.86,3.65,146.37,118.4,Running
2026-02-01 00:00:00,Kiln,889.82,14.55,1.68,114.27,110.67,Maintenance
2026-02-01 01:00:00,Raw Mill,873.31,12.75,3.03,126.01,85.26,Maintenance
2026-02-01 02:00:00,Kiln,884.32,10.76,1.49,152.9,131.9,Maintenance
2026-02-01 03:00:00,Packing Plant,845.12,11.31,2.42,142.59,99.78,Running
2026-02-01 04:00:00,Packing Plant,821.41,12.78,2.66,153.36,105.07,Running
2026-02-01 05:00:00,Cement Mill,842.74,8.73,,178.58,97.89,Maintenance
2026-02-01 06:00:00,Crusher,826.56,12.49,3.13,141.04,109.62,Running
2026-02-01 07:00:00,Crusher,771.24,12.16,3.52,155.55,119.67,Maintenance
2026-02-01 08:00:00,Kiln,862.88,11.98,2.09,166.47,123.39,Running
2026-02-01 09:00:00,Kiln,850.7,10.54,3.15,163.29,111.71,Maintenance
2026-02-01 10:00:00,Raw Mill,890.07,11.25,2.11,134.81,93.43,Idle
2026-02-01 11:00:00,Packing Plant,868.86,9.25,1.89,108.49,118.71,Running
2026-02-01 12:00:00,Kiln,843.99,11.51,1.98,126.56,126.97,Idle
2026-02-01 13:00:00,Cement Mill,827.98,12.47,2.06,153.62,139.55,Idle
2026-02-01 14:00:00,Crusher,873.45,11.38,2.63,145.19,120.12,Maintenance
2026-02-01 15:00:00,Packing Plant,836.98,11.75,2.61,130.13,104.76,Idle
2026-02-01 16:00:00,Cement Mill,794.46,9.6,1.89,153.19,106.61,Idle
2026-02-01 17:00:00,Cement Mill,870.54,12.05,1.52,163.1,132.16,Maintenance
2026-02-01 18:00:00,Crusher,810.25,12.63,2.07,151.95,101.03,Maintenance
2026-02-01 19:00:00,Packing Plant,778.28,11.43,2.44,142.05,102.24,Running
2026-02-01 20:00:00,Kiln,834.0,12.4,2.48,153.65,109.95,Maintenance
2026-02-01 21:00:00,Raw Mill,896.87,10.24,2.74,173.64,127.21,Running
2026-02-01 22:00:00,Packing Plant,,11.21,3.02,121.54,105.45,Idle
2026-02-01 23:00:00,Kiln,834.1,13.86,2.69,130.64,115.35,Idle
2026-02-02 00:00:00,Raw Mill,825.43,10.94,2.99,122.57,144.13,Maintenance
2026-02-02 01:00:00,Packing Plant,883.13,13.64,2.27,147.0,98.5,Running
2026-02-02 02:00:00,Crusher,829.01,12.74,3.15,127.86,114.52,Maintenance
2026-02-02 03:00:00,Crusher,843.95,9.91,2.8,135.52,117.07,Maintenance
2026-02-02 04:00:00,Kiln,831.92,10.82,2.5,145.69,114.42,Maintenance
2026-02-02 05:00:00,Cement Mill,820.86,12.48,3.33,152.8,134.94,Idle
2026-02-02 06:00:00,Raw Mill,794.39,12.24,1.95,120.46,108.91,Maintenance
2026-02-02 07:00:00,Crusher,897.68,13.43,2.62,119.35,117.06,Maintenance
2026-02-02 08:00:00,Kiln,862.07,12.26,1.58,132.19,119.04,Running
2026-02-02 09:00:00,Raw Mill,871.45,8.71,2.42,152.86,132.74,Maintenance
2026-02-02 10:00:00,Raw Mill,877.71,12.87,2.1,111.84,114.1,Running
2026-02-02 11:00:00,Cement Mill,890.07,14.09,2.86,158.59,125.69,Maintenance
2026-02-02 12:00:00,Crusher,827.76,11.8,3.33,131.15,144.22,Idle
2026-02-02 13:00:00,Raw Mill,,13.99,1.8,161.72,108.95,Idle
2026-02-02 14:00:00,Cement Mill,793.39,12.33,3.0,133.1,97.51,Running
2026-02-02 15:00:00,Packing Plant,846.33,11.87,2.77,168.99,119.11,Idle
2026-02-02 16:00:00,Kiln,924.22,12.34,,117.77,116.06,Running
2026-02-02 17:00:00,Packing Plant,836.54,13.44,2.73,126.41,122.58,Idle
2026-02-02 18:00:00,Raw Mill,876.86,14.29,2.94,165.22,120.9,Running
2026-02-02 19:00:00,Raw Mill,865.53,13.87,1.83,143.01,108.41,Idle
2026-02-02 20:00:00,Packing Plant,865.17,13.85,2.2,102.19,113.82,Idle
2026-02-02 21:00:00,Packing Plant,886.54,12.81,2.71,144.4,100.81,Maintenance
2026-02-02 22:00:00,Packing Plant,870.61,10.75,3.59,161.41,111.29,Idle
2026-02-02 23:00:00,Kiln,825.54,11.86,2.38,172.34,122.8,Idle
2026-02-03 00:00:00,Raw Mill,820.73,14.84,2.52,165.38,110.88,Idle
2026-02-03 01:00:00,Raw Mill,864.52,12.47,1.56,190.31,139.36,Idle
2026-02-03 02:00:00,Crusher,834.11,10.35,2.67,151.73,125.34,Idle
2026-02-03 03:00:00,Cement Mill,857.66,12.76,3.22,161.36,104.26,Running
2026-02-03 04:00:00,Packing Plant,904.5,14.46,4.08,127.53,123.64,Running
2026-02-03 05:00:00,Raw Mill,766.72,12.83,2.23,188.47,108.38,Idle
2026-02-03 06:00:00,Packing Plant,782.43,11.29,1.51,165.02,89.02,Idle
2026-02-03 07:00:00,Packing Plant,851.14,8.88,2.34,182.87,125.41,Idle
2026-02-03 08:00:00,Packing Plant,815.46,11.95,2.51,159.45,99.5,Maintenance
2026-02-03 09:00:00,Packing Plant,873.7,7.94,2.19,140.23,129.5,Maintenance
2026-02-03 10:00:00,Cement Mill,850.91,9.89,2.01,153.97,118.81,Running
2026-02-03 11:00:00,Raw Mill,826.84,11.28,2.85,139.65,118.68,Running
2026-02-03 12:00:00,Raw Mill,936.8,9.86,1.57,165.67,109.82,Maintenance
2026-02-03 13:00:00,Kiln,837.27,10.83,2.37,181.97,132.03,Running
2026-02-03 14:00:00,Raw Mill,884.49,9.88,1.92,93.22,107.86,Running
2026-02-03 15:00:00,Cement Mill,888.27,12.78,2.39,149.55,109.67,Running
2026-02-03 16:00:00,Raw Mill,858.19,13.15,1.69,155.99,133.99,Running
2026-02-03 17:00:00,Crusher,833.4,13.05,3.91,147.91,125.9,Running
2026-02-03 18:00:00,Cement Mill,820.48,12.27,2.73,153.9,104.7,Idle
2026-02-03 19:00:00,Packing Plant,858.25,14.19,2.72,169.24,116.44,Maintenance
2026-02-03 20:00:00,Kiln,880.0,12.42,2.02,156.37,105.12,Idle
2026-02-03 21:00:00,Packing Plant,824.68,12.28,2.65,126.22,135.81,Idle
2026-02-03 22:00:00,Packing Plant,872.88,10.94,1.73,147.1,113.31,Maintenance
2026-02-03 23:00:00,Packing Plant,854.53,11.46,1.5,142.23,115.42,Running
2026-02-04 00:00:00,Kiln,875.35,10.95,3.34,111.77,139.67,Idle
2026-02-04 01:00:00,Cement Mill,841.03,13.29,2.54,172.79,114.19,Running
2026-02-04 02:00:00,Crusher,806.06,14.13,2.44,154.43,138.52,Maintenance
2026-02-04 03:00:00,Kiln,808.72,12.89,2.21,147.36,121.08,Running
2026-02-04 04:00:00,Cement Mill,789.99,10.83,3.18,167.72,119.06,Running
2026-02-04 05:00:00,Packing Plant,859.72,11.56,3.18,145.99,123.48,Idle
2026-02-04 06:00:00,Kiln,895.84,10.83,3.28,119.39,144.44,Idle
2026-02-04 07:00:00,Raw Mill,835.09,11.64,1.55,140.9,104.4,Idle
2026-02-04 08:00:00,Cement Mill,,11.79,2.98,154.15,124.62,Running
2026-02-04 09:00:00,Crusher,806.18,10.68,3.4,135.3,144.84,Maintenance
2026-02-04 10:00:00,Packing Plant,840.28,12.0,3.04,175.44,118.34,Maintenance
2026-02-04 11:00:00,Cement Mill,834.47,11.92,2.67,167.83,120.06,Idle
2026-02-04 12:00:00,Cement Mill,874.76,14.46,2.69,156.23,97.22,Idle
2026-02-04 13:00:00,Cement Mill,744.77,12.58,2.45,139.7,123.65,Maintenance
2026-02-04 14:00:00,Kiln,847.58,13.69,2.54,135.06,134.85,Idle
2026-02-04 15:00:00,Packing Plant,841.31,12.79,2.26,137.0,121.26,Idle
2026-02-04 16:00:00,Raw Mill,850.51,12.72,2.37,113.27,113.51,Running
2026-02-04 17:00:00,Kiln,881.75,11.55,2.38,169.73,109.32,Running
2026-02-04 18:00:00,Raw Mill,788.29,11.76,2.26,130.68,117.37,Maintenance
2026-02-04 19:00:00,Cement Mill,869.66,11.99,2.65,186.27,114.86,Idle
2026-02-04 20:00:00,Raw Mill,861.13,11.24,2.08,138.3,112.82,Idle
2026-02-04 21:00:00,Raw Mill,864.38,15.52,2.14,141.67,119.05,Running
2026-02-04 22:00:00,Crusher,865.83,12.4,3.14,101.47,84.2,Running
2026-02-04 23:00:00,Packing Plant,830.16,13.65,1.72,89.85,128.57,Maintenance
2026-02-05 00:00:00,Crusher,859.75,10.36,2.01,130.61,121.66,Idle
2026-02-05 01:00:00,Crusher,824.95,12.74,1.07,132.86,103.11,Idle
2026-02-05 02:00:00,Raw Mill,839.75,11.19,2.9,112.81,120.68,Idle
2026-02-05 03:00:00,Kiln,872.33,14.78,2.26,156.49,92.94,Maintenance
2026-02-05 04:00:00,Raw Mill,754.32,13.27,2.5,173.57,99.4,Maintenance
2026-02-05 05:00:00,Kiln,870.8,14.8,2.71,155.53,120.13,Idle
2026-02-05 06:00:00,Crusher,787.16,14.03,2.19,160.09,96.55,Maintenance
2026-02-05 07:00:00,Cement Mill,802.82,14.15,,179.07,118.83,Idle
2026-02-05 08:00:00,Raw Mill,776.32,13.34,2.21,163.97,120.38,Maintenance
2026-02-05 09:00:00,Crusher,788.28,12.25,3.6,159.86,119.14,Running
2026-02-05 10:00:00,Packing Plant,893.01,12.32,2.6,128.17,123.51,Maintenance
2026-02-05 11:00:00,Cement Mill,891.42,10.75,3.21,148.17,106.68,Running
2026-02-05 12:00:00,Crusher,889.91,11.57,2.88,144.16,119.1,Maintenance
2026-02-05 13:00:00,Raw Mill,869.74,12.44,1.5,127.58,133.94,Running
2026-02-05 14:00:00,Kiln,844.71,11.21,1.82,128.41,89.67,Idle
2026-02-05 15:00:00,Kiln,845.95,11.1,2.02,148.64,125.46,Maintenance
2026-02-05 16:00:00,Crusher,933.73,9.73,3.08,169.46,108.31,Running
2026-02-05 17:00:00,Raw Mill,858.13,11.31,2.59,180.18,129.08,Idle
2026-02-05 18:00:00,Cement Mill,870.34,11.35,1.76,145.83,138.1,Idle
2026-02-05 19:00:00,Crusher,788.91,10.42,2.56,130.31,108.11,Idle
2026-02-05 20:00:00,Kiln,833.06,9.95,2.01,164.07,100.39,Running
2026-02-05 21:00:00,Raw Mill,786.09,11.05,2.87,146.06,113.03,Running
2026-02-05 22:00:00,Packing Plant,851.77,9.38,2.75,157.67,113.86,Idle
2026-02-05 23:00:00,Crusher,890.24,10.31,3.06,153.09,114.95,Running
2026-02-06 00:00:00,Crusher,849.21,11.84,3.11,128.47,108.56,Running
2026-02-06 01:00:00,Crusher,891.45,11.11,2.95,183.99,113.97,Idle
2026-02-06 02:00:00,Raw Mill,877.25,10.27,2.88,153.99,127.1,Idle
2026-02-06 03:00:00,Packing Plant,824.18,9.51,2.75,108.73,115.24,Maintenance
2026-02-06 04:00:00,Cement Mill,887.65,12.29,3.47,170.5,110.19,Maintenance
2026-02-06 05:00:00,Crusher,851.09,11.93,1.71,131.19,111.59,Maintenance
2026-02-06 06:00:00,Cement Mill,768.55,12.07,2.38,116.54,126.06,Running
2026-02-06 07:00:00,Kiln,878.63,12.34,2.34,161.83,130.2,Maintenance
2026-02-06 08:00:00,Raw Mill,862.3,10.76,2.64,173.91,111.05,Maintenance
2026-02-06 09:00:00,Cement Mill,933.92,11.21,2.52,136.55,123.35,Maintenance
2026-02-06 10:00:00,Cement Mill,780.31,11.18,1.95,152.71,134.92,Maintenance
2026-02-06 11:00:00,Kiln,875.84,8.44,3.52,155.91,108.35,Idle
2026-02-06 12:00:00,Packing Plant,856.29,12.26,2.17,153.96,110.89,Running
2026-02-06 13:00:00,Raw Mill,833.83,10.97,1.78,152.92,128.78,Idle
2026-02-06 14:00:00,Crusher,870.6,13.23,2.66,139.35,132.59,Running
2026-02-06 15:00:00,Packing Plant,795.7,10.65,2.02,171.6,134.14,Idle
2026-02-06 16:00:00,Kiln,869.49,13.61,2.06,156.97,118.12,Idle
2026-02-06 17:00:00,Raw Mill,883.88,11.83,2.31,160.82,133.14,Maintenance
2026-02-06 18:00:00,Kiln,823.27,11.91,1.97,100.04,123.01,Maintenance
2026-02-06 19:00:00,Kiln,874.36,12.39,1.53,142.98,86.72,Running
2026-02-06 20:00:00,Crusher,904.79,10.37,3.13,168.92,106.49,Maintenance
2026-02-06 21:00:00,Raw Mill,804.69,12.53,2.08,152.05,112.76,Idle
2026-02-06 22:00:00,Raw Mill,778.75,8.65,2.61,138.77,111.7,Maintenance
2026-02-06 23:00:00,Raw Mill,877.83,13.76,2.36,143.19,127.5,Maintenance
2026-02-07 00:00:00,Kiln,795.72,12.33,2.78,163.6,90.95,Maintenance
2026-02-07 01:00:00,Raw Mill,819.55,10.68,2.55,159.61,142.45,Maintenance
2026-02-07 02:00:00,Packing Plant,830.2,11.25,3.07,155.93,139.01,Maintenance
2026-02-07 03:00:00,Raw Mill,861.55,10.26,1.83,118.97,129.93,Running
2026-02-07 04:00:00,Cement Mill,897.54,14.77,2.92,173.26,111.3,Idle
2026-02-07 05:00:00,Crusher,803.74,13.28,2.71,152.15,125.81,Maintenance
2026-02-07 06:00:00,Raw Mill,862.93,13.93,3.15,160.88,132.69,Maintenance
2026-02-07 07:00:00,Cement Mill,870.56,11.31,2.88,122.11,135.81,Running
2026-02-07 08:00:00,Cement Mill,802.22,12.43,2.08,161.07,119.49,Idle
2026-02-07 09:00:00,Crusher,786.21,12.63,2.21,167.62,120.02,Maintenance
2026-02-07 10:00:00,Crusher,865.82,10.56,2.21,140.83,132.85,Idle
2026-02-07 11:00:00,Cement Mill,917.1,10.79,3.04,106.61,102.09,Running
2026-02-07 12:00:00,Packing Plant,811.65,9.97,1.71,158.26,116.79,Running
2026-02-07 13:00:00,Packing Plant,865.18,13.04,2.63,163.16,118.96,Maintenance
2026-02-07 14:00:00,Raw Mill,802.52,13.59,2.21,131.29,117.33,Maintenance
2026-02-07 15:00:00,Crusher,813.49,11.37,2.67,156.97,106.53,Maintenance
2026-02-07 16:00:00,Raw Mill,830.49,13.61,2.75,191.5,137.7,Running
2026-02-07 17:00:00,Cement Mill,895.77,9.92,2.88,148.94,111.74,Running
2026-02-07 18:00:00,Crusher,856.72,13.42,2.75,132.43,131.14,Maintenance
2026-02-07 19:00:00,Raw Mill,824.5,12.33,2.35,145.62,131.49,Idle
2026-02-07 20:00:00,Raw Mill,808.39,14.92,1.59,138.05,125.55,Idle
2026-02-07 21:00:00,Packing Plant,873.37,11.85,2.47,158.21,116.53,Running
2026-02-07 22:00:00,Kiln,905.73,13.26,2.94,130.68,118.81,Idle
2026-02-07 23:00:00,Raw Mill,837.98,10.49,2.68,139.25,129.83,Idle
2026-02-08 00:00:00,Crusher,807.19,14.58,2.05,154.39,131.88,Maintenance
2026-02-08 01:00:00,Kiln,827.17,13.28,1.89,179.04,120.21,Maintenance
2026-02-08 02:00:00,Cement Mill,826.14,11.55,2.9,138.31,108.76,Idle
2026-02-08 03:00:00,Packing Plant,841.14,10.23,3.41,138.67,132.47,Maintenance
2026-02-08 04:00:00,Kiln,858.38,10.52,2.5,165.68,117.18,Running
2026-02-08 05:00:00,Kiln,897.72,13.53,2.96,140.81,103.8,Maintenance
2026-02-08 06:00:00,Kiln,825.46,12.29,2.77,106.57,119.88,Idle
2026-02-08 07:00:00,Cement Mill,856.32,,3.15,158.44,139.65,Running
2026-02-08 08:00:00,Crusher,841.36,13.41,3.32,176.23,103.62,Idle
2026-02-08 09:00:00,Crusher,839.85,11.48,2.74,163.73,107.42,Running
2026-02-08 10:00:00,Crusher,852.71,8.97,3.22,139.75,120.84,Idle
2026-02-08 11:00:00,Packing Plant,837.61,13.72,1.08,149.67,118.41,Running
2026-02-08 12:00:00,Raw Mill,831.85,14.59,2.06,165.44,125.34,Running
2026-02-08 13:00:00,Packing Plant,900.46,11.0,2.13,171.92,126.38,Running
2026-02-08 14:00:00,Crusher,788.2,11.19,2.69,166.76,109.81,Idle
2026-02-08 15:00:00,Kiln,733.43,12.78,1.89,109.65,77.52,Running
2026-02-08 16:00:00,Crusher,,12.19,2.39,177.78,129.56,Idle
2026-02-08 17:00:00,Raw Mill,914.65,9.91,2.48,117.67,116.56,Idle
2026-02-08 18:00:00,Packing Plant,840.06,12.94,2.52,162.47,130.55,Idle
2026-02-08 19:00:00,Packing Plant,936.2,11.53,2.03,154.92,107.97,Maintenance
2026-02-08 20:00:00,Packing Plant,,11.58,2.22,140.57,130.78,Idle
2026-02-08 21:00:00,Kiln,843.69,11.04,3.33,132.88,120.53,Maintenance
2026-02-08 22:00:00,Raw Mill,876.09,9.55,2.74,128.9,132.34,Running
2026-02-08 23:00:00,Kiln,811.49,13.04,3.05,167.23,123.77,Maintenance
2026-02-09 00:00:00,Raw Mill,840.75,11.14,3.24,136.01,104.44,Running
2026-02-09 01:00:00,Crusher,876.61,10.81,2.02,121.13,112.76,Maintenance
2026-02-09 02:00:00,Packing Plant,846.69,12.36,2.98,160.54,117.14,Maintenance
2026-02-09 03:00:00,Raw Mill,842.07,12.77,3.14,152.53,112.96,Running
2026-02-09 04:00:00,Kiln,810.29,9.83,2.83,161.56,128.66,Idle
2026-02-09 05:00:00,Crusher,844.85,14.11,2.26,169.11,119.42,Maintenance
2026-02-09 06:00:00,Kiln,825.67,12.89,2.7,157.14,121.22,Idle
2026-02-09 07:00:00,Packing Plant,848.48,15.58,3.09,164.46,121.68,Idle
2026-02-09 08:00:00,Packing Plant,890.29,12.78,2.51,143.93,118.79,Maintenance
2026-02-09 09:00:00,Kiln,723.18,12.32,2.26,181.85,120.29,Idle
2026-02-09 10:00:00,Kiln,802.44,11.93,1.98,159.47,124.36,Maintenance
2026-02-09 11:00:00,Cement Mill,888.31,10.81,2.52,122.7,130.52,Running
2026-02-09 12:00:00,Crusher,870.75,12.74,2.5,158.3,144.07,Maintenance
2026-02-09 13:00:00,Packing Plant,838.6,12.21,1.96,132.63,121.47,Idle
2026-02-09 14:00:00,Packing Plant,894.16,11.62,2.38,141.86,111.98,Maintenance
2026-02-09 15:00:00,Crusher,861.8,9.75,3.14,136.69,130.83,Idle
2026-02-09 16:00:00,Packing Plant,799.2,13.0,2.84,157.68,105.08,Idle
2026-02-09 17:00:00,Raw Mill,859.98,10.23,2.37,170.59,131.95,Maintenance
2026-02-09 18:00:00,Cement Mill,850.61,10.54,2.82,150.39,85.2,Maintenance
2026-02-09 19:00:00,Packing Plant,881.31,11.96,3.1,128.09,72.35,Maintenance
2026-02-09 20:00:00,Crusher,861.16,12.44,1.65,130.43,161.33,Idle
2026-02-09 21:00:00,Packing Plant,837.78,13.1,2.17,108.19,117.45,Idle
2026-02-09 22:00:00,Packing Plant,839.38,11.4,2.44,155.29,117.75,Idle
2026-02-09 23:00:00,Crusher,799.44,12.73,1.53,108.99,131.09,Maintenance
2026-02-10 00:00:00,Crusher,870.28,11.91,1.8,135.84,116.06,Maintenance
2026-02-10 01:00:00,Packing Plant,786.16,10.89,2.83,178.55,113.71,Idle
2026-02-10 02:00:00,Packing Plant,880.26,9.13,2.83,133.92,124.61,Maintenance
2026-02-10 03:00:00,Cement Mill,840.09,13.98,2.06,162.55,115.81,Maintenance
2026-02-10 04:00:00,Crusher,843.67,11.72,2.08,149.72,119.06,Running
2026-02-10 05:00:00,Raw Mill,859.65,,2.9,168.47,104.24,Running
2026-02-10 06:00:00,Packing Plant,884.75,10.22,2.79,162.39,91.33,Running
2026-02-10 07:00:00,Kiln,853.72,11.3,2.12,177.02,110.19,Maintenance
2026-02-10 08:00:00,Kiln,817.74,12.11,2.84,147.17,137.5,Idle
2026-02-10 09:00:00,Crusher,871.24,8.73,2.24,138.76,127.19,Idle
2026-02-10 10:00:00,Kiln,745.01,15.82,2.77,152.98,137.72,Running
2026-02-10 11:00:00,Crusher,943.75,13.31,2.97,152.61,117.88,Running
2026-02-10 12:00:00,Raw Mill,830.97,10.76,2.16,122.99,118.86,Running
2026-02-10 13:00:00,Cement Mill,782.61,12.29,2.48,152.94,112.17,Idle
2026-02-10 14:00:00,Raw Mill,973.07,14.04,1.88,154.66,110.88,Idle
2026-02-10 15:00:00,Raw Mill,809.42,9.99,2.72,136.37,134.52,Idle
2026-02-10 16:00:00,Packing Plant,889.75,14.06,2.07,159.51,129.49,Maintenance
2026-02-10 17:00:00,Cement Mill,831.03,10.84,3.3,154.55,129.54,Running
2026-02-10 18:00:00,Kiln,817.12,10.17,2.22,147.52,104.04,Maintenance
2026-02-10 19:00:00,Raw Mill,849.61,9.47,1.94,163.42,129.06,Running
2026-02-10 20:00:00,Kiln,834.32,10.47,1.99,142.53,129.67,Running
2026-02-10 21:00:00,Crusher,887.13,11.26,1.92,155.36,107.65,Running
2026-02-10 22:00:00,Crusher,829.27,13.99,2.91,153.16,100.92,Idle
2026-02-10 23:00:00,Cement Mill,858.46,13.59,2.31,177.02,139.39,Maintenance
2026-02-11 00:00:00,Kiln,916.55,12.46,2.79,178.28,126.71,Maintenance
2026-02-11 01:00:00,Crusher,829.95,11.33,2.62,124.19,117.85,Running
2026-02-11 02:00:00,Kiln,893.86,8.71,3.27,172.45,113.1,Maintenance
2026-02-11 03:00:00,Cement Mill,871.74,12.0,3.11,169.65,99.0,Maintenance
2026-02-11 04:00:00,Packing Plant,873.49,11.69,2.54,135.44,146.22,Idle
2026-02-11 05:00:00,Crusher,891.6,10.89,1.83,142.29,126.52,Running
2026-02-11 06:00:00,Crusher,859.61,13.88,2.89,169.39,124.9,Idle
2026-02-11 07:00:00,Crusher,794.43,11.71,3.03,148.97,127.55,Maintenance
2026-02-11 08:00:00,Raw Mill,837.25,10.46,2.44,156.18,110.16,Idle
2026-02-11 09:00:00,Packing Plant,840.57,10.59,3.06,144.11,141.79,Idle
2026-02-11 10:00:00,Kiln,911.15,11.88,2.0,108.28,97.92,Maintenance
2026-02-11 11:00:00,Crusher,795.05,14.07,2.56,157.79,86.69,Running
2026-02-11 12:00:00,Cement Mill,802.08,13.33,2.64,147.06,128.47,Running
2026-02-11 13:00:00,Crusher,915.43,11.67,2.53,153.85,155.88,Maintenance
2026-02-11 14:00:00,Packing Plant,766.03,13.02,2.44,161.34,110.14,Running
2026-02-11 15:00:00,Raw Mill,848.04,13.07,4.06,166.16,107.28,Idle
